순번,정류장명,위도,경도, 
1,윤정사앞,36.75920990 ,127.06419780 , 
2,북수1리 창터,36.76435280 ,127.06914350 , 
3,북수1리 입구,36.76617580 ,127.07093720 , 
4,회룡2리,36.75268304 ,127.07401068 , 
5,회룡1리 마을회관,36.75043860 ,127.07291020 , 
6,세출리,36.74356360 ,127.07306150 , 
11,석당리아랫마을,36.74556303 ,126.92181235 , 
12,석당리아랫마을,36.74552870 ,126.92169410 , 
13,삽교호종점,36.88821950 ,126.82495560 , 
15,신덕2리앞뜸,36.76342420 ,126.84492100 , 
17,뒤뜸,36.76511580 ,126.84189260 , 
18,건너하평,36.76698472 ,126.84161902 , 
20,신덕1리,36.77212880 ,126.84102030 , 
21,장곳리,36.76378920 ,126.84819510 , 
23,신덕2리,36.76365050 ,126.84182110 , 
25,신덕1리사거리,36.76829138 ,126.84107568 , 
29,건널목삼거리,36.76466303 ,126.86575238 , 
30,대정리,36.76398010 ,126.85094970 , 
32,신언4리,36.76754850 ,126.86573790 , 
34,신언2리,36.76085810 ,126.86781530 , 
35,도고아파트,36.75709473 ,126.87039569 , 
36,금산리 남성,36.74759302 ,126.87070233 , 
39,금산리,36.74641473 ,126.86583402 , 
40,금산1리 음지말,36.74745474 ,126.87108399 , 
41,도고아파트,36.75705303 ,126.87054733 , 
43,신언리삼거리,36.75675306 ,126.86850068 , 
48,봉농리 봉암,36.74689805 ,126.86395566 , 
51,군덕교,36.77180630 ,126.86458230 , 
54,신성1리,36.76767969 ,126.88343401 , 
56,신성2리,36.77215090 ,126.89347830 , 
57,신성1리신라리,36.77063160 ,126.88901720 , 
58,도고면사무소,36.75684805 ,126.87739071 , 
59,도고면사무소,36.75700305 ,126.87809566 , 
60,금산2리 점촌,36.75214570 ,126.88349870 , 
61,도고온천역,36.74934150 ,126.88791570 , 
62,시전1리 동막골,36.74779910 ,126.89266190 , 
63,시전1리 동막골,36.74790100 ,126.89268230 , 
64,도고온천역,36.74898806 ,126.88973570 , 
65,금산2리 점촌,36.75213740 ,126.88364440 , 
67,금산3리 해비타트,36.74821139 ,126.87785235 , 
68,금산2리 쇠골,36.74811640 ,126.87877404 , 
72,글로리콘도입구,36.76366307 ,126.89087235 , 
74,도고로얄호텔,36.76365310 ,126.88825800 , 
75,한국콘도,36.76415590 ,126.88576660 , 
77,KT도고수련관,36.76128580 ,126.88334710 , 
79,도고중학교,36.74430470 ,126.90133130 , 
80,신유리 버들목,36.92559320 ,127.11228970 , 
85,화천초등학교,36.72145637 ,126.92127238 , 
87,화천2리 양천,36.71327780 ,126.91986780 , 
89,농은리,36.70892240 ,126.92146810 , 
90,화천2리 양천,36.71338638 ,126.92000068 , 
91,화천2리회관,36.71866636 ,126.92105405 , 
93,도산2리 정촌,36.72746636 ,126.91968235 , 
94,도산2리 새말,36.72998635 ,126.91814566 , 
95,도산2리 노루목,36.73249305 ,126.91682902 , 
96,신유삼거리,36.73646730 ,126.91748810 , 
97,신유리 버들목,36.74132306 ,126.90847903 , 
99,시전3리 강리,36.74603472 ,126.89832405 , 
100,와산1리,36.76195638 ,126.91763570 , 
101,향산리 용호원,36.75849638 ,126.90745732 , 
102,시전삼거리,36.75555805 ,126.89913734 , 
103,시전삼거리,36.75583474 ,126.89867570 , 
104,향산리 용호원,36.75831804 ,126.90765734 , 
105,와산1리,36.76178802 ,126.91782732 , 
109,돈포2리 마을회관,36.77616930 ,126.84791660 , 
110,돈포1리,36.77578920 ,126.84110100 , 
111,돈포2리마을회관,36.77630050 ,126.84801630 , 
112,가산2리 가래기,36.82455570 ,126.86250820 , 
115,월랑1리 새텃말,36.84992790 ,127.07894070 , 
117,대흥1리,36.81384141 ,126.87148733 , 
120,군덕3리,36.77464420 ,126.86342150 , 
121,돈포2리,36.77628020 ,126.85088530 , 
122,열장원,36.77434950 ,126.85975410 , 
123,군덕3리,36.77466307 ,126.86360401 , 
127,가산2리 개나리,36.82848470 ,126.85890410 , 
129,신문리회관,36.82499580 ,126.85302950 , 
130,신문리 돌채,36.82126640 ,126.85269080 , 
131,선문대학교,36.80033000 ,127.07105000 , 
133,가산1리 용당,36.81631250 ,126.85592790 , 
135,궁평1리,36.81459150 ,126.85608250 , 
137,궁평2리,36.80967700 ,126.85979190 , 
139,삼선초등학교,36.80371990 ,126.86698000 , 
141,대흥4리각골,36.80929639 ,126.86884903 , 
144,궁평3리회관,36.79883471 ,126.86554404 , 
146,대흥3리,36.79626930 ,126.86613340 , 
150,선장면사무소,36.79097974 ,126.86168070 , 
152,군덕복지회관,36.78971480 ,126.86091400 , 
157,선장초등학교,36.78774640 ,126.86413234 , 
162,군덕2리회관,36.78311280 ,126.86247730 , 
163,군덕2리,36.77985620 ,126.86287410 , 
167,문방삼거리,36.86574240 ,126.87240030 , 
168,문방삼거리,36.86577760 ,126.87223170 , 
169,문방1리 장어촌,36.86415637 ,126.87060067 , 
170,문방1리 장어촌,36.86419141 ,126.87052737 , 
171,문방1리 방아다리,36.85867637 ,126.86308902 , 
172,문방2리 방축머리,36.85709639 ,126.86017905 , 
174,대음1리 나룻말,36.85553010 ,126.85724800 , 
175,대음1리 한뿌리,36.85056070 ,126.85513600 , 
176,대음1리 한뿌리,36.85025580 ,126.85544140 , 
177,현대자동차기숙사,36.84653050 ,126.85833280 , 
178,대음리,36.84341790 ,126.86287880 , 
179,문방삼거리,36.86618637 ,126.87273067 , 
180,문방1리 세밑마루,36.86219340 ,126.86763670 , 
181,문방1리 방아다리,36.85897970 ,126.86335904 , 
182,문방2리 방축머리,36.85723490 ,126.86096030 , 
183,대음1리 나룻말,36.85475137 ,126.85584905 , 
184,현대자동차기숙사,36.84643970 ,126.85822140 , 
185,현대차사원아파트,36.84567460 ,126.85877070 , 
189,해암2리,36.82817971 ,126.89594234 , 
190,해암2리,36.82806139 ,126.89652567 , 
191,해암1리,36.82995200 ,126.88810840 , 
192,미진아파트,36.83137300 ,126.88399280 , 
193,미진아파트,36.83243830 ,126.88429820 , 
194,해암3리,36.83871540 ,126.88226280 , 
195,해암3리,36.83881060 ,126.88236300 , 
196,대흥2리,36.81351137 ,126.87457069 , 
199,홍곳리,36.81314802 ,126.88260069 , 
200,가내리원안말,36.81279300 ,126.88658350 , 
201,가내리원안말,36.81290550 ,126.88653780 , 
202,죽산저수지,36.78542140 ,126.89421403 , 
203,신동1리입구,36.78659630 ,126.88598990 , 
204,선창3리 가장골,36.78898870 ,126.87800200 , 
205,신동2리 마을회관,36.79709304 ,126.88332237 , 
206,신동1리,36.79081138 ,126.88816570 , 
208,신동1리입구,36.78648820 ,126.88601320 , 
209,선창2리,36.78489070 ,126.89002700 , 
210,죽산저수지,36.78538650 ,126.89442750 , 
212,가내리입구,36.81053150 ,126.89155120 , 
214,가내2리 번개말,36.80675000 ,126.88804420 , 
216,가내1리 조원동,36.80272770 ,126.89475170 , 
219,해암1리,36.83008750 ,126.88817460 , 
220,산양2리,36.82564610 ,126.91744290 , 
221,산양2리,36.82552030 ,126.91752240 , 
222,도흥2리 작은섬말,36.82735472 ,126.90812235 , 
223,도흥2리 섬말,36.82861980 ,126.90447980 , 
224,도흥1리입구,36.82845270 ,126.89992840 , 
225,도흥1리입구,36.82831700 ,126.89983970 , 
226,창덕에버빌,36.81225550 ,126.89907160 , 
228,신곡1리,36.81230850 ,126.90153760 , 
229,신곡1리,36.81240136 ,126.90141732 , 
230,가덕2리 덕동,36.81118380 ,126.90826190 , 
232,가덕2리 금이,36.81145690 ,126.91335520 , 
233,가덕2리 금이,36.81153270 ,126.91318650 , 
236,궁화2리 신당,36.79147641 ,126.91743403 , 
237,궁화2리조내골,36.79190030 ,126.91090410 , 
238,죽산리난고개,36.78923305 ,126.90580066 , 
249,궁화1리 준말,36.80193490 ,126.91319250 , 
251,궁화리 진너머,36.80438370 ,126.91713660 , 
253,죽산리입구,36.78642330 ,126.90158100 , 
255,죽산1리 너드리,36.77968670 ,126.91206780 , 
257,죽산2리 성산,36.78040972 ,126.90756903 , 
261,도흥2리 작은섬말,36.82730805 ,126.90796900 , 
262,도흥2리 섬말,36.82878110 ,126.90427670 , 
263,금성초등학교,36.84365840 ,126.87938990 , 
264,금성초등학교,36.84355472 ,126.87922405 , 
265,현대자동차정문앞,36.84570805 ,126.87931236 , 
267,문방3리입구,36.85288080 ,126.88156560 , 
268,문방3리입구,36.85264972 ,126.88138902 , 
269,관암2리 은고개,36.85415971 ,126.88199568 , 
270,관암2리 은고개,36.85408750 ,126.88184640 , 
271,인주중학교,36.86174790 ,126.88356390 , 
272,인주중학교,36.86169806 ,126.88343567 , 
273,관암1리,36.86399320 ,126.88369170 , 
274,관암1리,36.86419370 ,126.88376750 , 
275,인주농협,36.86805474 ,126.88503905 , 
276,인주농협,36.86790010 ,126.88490460 , 
277,밀두2리 세원,36.86972640 ,126.87891900 , 
278,밀두2리 세원,36.86994638 ,126.88023068 , 
279,문방2리 K마트,36.86886638 ,126.87680400 , 
280,문방2리 K마트,36.86870139 ,126.87662236 , 
281,인주초등학교,36.87585472 ,126.89363903 , 
282,인주초등학교,36.87565635 ,126.89383072 , 
283,걸매리종점,36.88075600 ,126.88619970 , 
284,밀두1리,36.87032460 ,126.88589040 , 
285,걸매사거리,36.87327808 ,126.89083402 , 
286,걸매사거리,36.87317890 ,126.89050150 , 
287,밀두1리,36.87019293 ,126.88586030 , 
288,관암리 감나무골,36.86425638 ,126.89626233 , 
289,관암리 감나무골,36.86418580 ,126.89610840 , 
290,관암2리 아산말,36.85787760 ,126.88297240 , 
291,관암2리 아산말,36.85775230 ,126.88279280 , 
292,관암리마을회관,36.86193840 ,126.89077700 , 
293,관암리마을회관,36.86207641 ,126.89082238 , 
294,관암1리 소애,36.86329130 ,126.89445730 , 
295,관암1리 소애,36.86343470 ,126.89429910 , 
296,걸매리종점,36.88121190 ,126.88615900 , 
297,공세리입구,36.88091974 ,126.91914899 , 
298,인주파출소,36.88104474 ,126.91357902 , 
299,인주파출소,36.88101473 ,126.91368234 , 
300,공세리입구,36.88081800 ,126.91935590 , 
301,공세4리,36.88021638 ,126.90900571 , 
302,공세4리,36.88016138 ,126.90882565 , 
303,냉정저수지앞,36.86177490 ,126.90063720 , 
304,냉정저수지앞,36.86180302 ,126.90090901 , 
305,냉정리 불당골,36.85744670 ,126.90867160 , 
306,냉정리 불당골,36.85752670 ,126.90845780 , 
307,냉정리 차나물,36.85742973 ,126.90259899 , 
308,냉정리 차나물,36.85737969 ,126.90279068 , 
309,신성리,36.87769302 ,126.89938065 , 
310,신성리,36.87779137 ,126.89890566 , 
311,대진아파트,36.88018974 ,126.91049236 , 
312,대진아파트,36.88031473 ,126.91128404 , 
313,공세리 동강,36.88084803 ,126.91695903 , 
314,공세리 동강,36.88089100 ,126.91712790 , 
315,신영1리 월안대,36.56699360 ,126.96751860 , 
316,신영1리 월안대,36.56710304 ,126.96772738 , 
317,유구1비득제,36.55966550 ,126.96173570 , 
318,유구1비득제,36.55960970 ,126.96187233 , 
319,유구1리 여드니입구,36.55899808 ,126.95775233 , 
320,유구1리 여드니입구,36.55889470 ,126.95775730 , 
321,유구1리 창말,36.55606510 ,126.95501700 , 
322,유구1리 창말,36.55597070 ,126.95509030 , 
323,석남1리,36.55539870 ,126.95242260 , 
325,유구시장,36.55375760 ,126.95116150 , 
326,유구터미널,36.55027630 ,126.95182300 , 
327,유구터미널,36.55027700 ,126.95197940 , 
328,덕암초등학교,36.62984807 ,126.97055070 , 
329,덕암초등학교,36.63020303 ,126.97076235 , 
330,추동리,36.62452638 ,126.96959232 , 
331,추동리,36.62462969 ,126.96970237 , 
332,추계1리 용목동,36.61630380 ,126.97245580 , 
333,추계1리 용목동,36.61622305 ,126.97267402 , 
334,추계1리 평촌,36.61426120 ,126.97227960 , 
335,추계1리 평촌,36.61435639 ,126.97247400 , 
336,신달주유소,36.60902230 ,126.96998390 , 
337,신달주유소,36.60881080 ,126.97005240 , 
338,신달1리,36.59904636 ,126.97143901 , 
339,신달1리,36.59889136 ,126.97160069 , 
340,신달2리 입석입구,36.59066305 ,126.97147068 , 
341,신달2리 입석입구,36.59077972 ,126.97159732 , 
342,신달2리 신대,36.58783140 ,126.97147570 , 
343,신달2리 신대,36.58779110 ,126.97157680 , 
344,신달2리 신영휴게소,36.58491971 ,126.97132737 , 
345,신달2리 신영휴게소,36.58578806 ,126.97147735 , 
346,신영1리 동부실,36.58060637 ,126.97149903 , 
347,신영1리 동부실,36.58062430 ,126.97158650 , 
348,신영1리 새말,36.57519990 ,126.97115630 , 
349,신영1리 새말,36.57513720 ,126.97124950 , 
350,동신초등학교,36.77906974 ,127.01594568 , 
351,시외버스터미널(스타벅스앞),36.78402230 ,127.01623600 , 
352,청솔아파트,36.74850639 ,127.01602902 , 
353,청솔아파트,36.74828304 ,127.01620735 , 
354,강당골 종점,36.71150802 ,127.01657068 , 
355,강당리 돌모랭이,36.71998410 ,127.01614630 , 
356,강당리 돌모랭이,36.71995300 ,127.01624730 , 
357,강당골 종점,36.71150230 ,127.01640660 , 
359,용화중학교,36.77401470 ,127.00814735 , 
360,행목리,36.76827480 ,126.94291130 , 
362,경희학성아파트,36.77136469 ,126.93598566 , 
363,오암1리 아랫오리실,36.72006150 ,126.92640680 , 
365,오암1리 윗오리실,36.71625070 ,126.93161390 , 
366,오암1리 아랫오리실,36.72019638 ,126.92633066 , 
368,석당리 마을회관,36.74826638 ,126.92301404 , 
370,석당교회,36.75072270 ,126.92480860 , 
371,석당교회,36.75072470 ,126.92467737 , 
372,석당리부모골,36.75955471 ,126.92653233 , 
373,석당리부모골,36.75788390 ,126.92648600 , 
375,진테크,36.76253490 ,126.92450190 , 
376,읍내리까치골,36.77332805 ,126.93142405 , 
377,순천향대학교,36.76999140 ,126.92797899 , 
378,읍내리까치골,36.77348636 ,126.93125232 , 
383,한국폴리텍대학앞,36.76610136 ,126.94900402 , 
384,창암2리 불거미,36.76458305 ,126.95503404 , 
386,창암2리,36.76061138 ,126.96489903 , 
388,창암2리 불거미,36.76458140 ,126.95617069 , 
389,한국폴리텍대학앞,36.76622636 ,126.94864067 , 
390,창암1리회관,36.76133310 ,126.94612660 , 
391,창암1리회관,36.76141530 ,126.94635010 , 
392,황산2리,36.75933968 ,126.95154238 , 
395,창암2리,36.76072090 ,126.96660260 , 
396,강장4거리,36.71178974 ,126.95590067 , 
397,강장2리,36.71443307 ,126.95605904 , 
398,수곡2리,36.72014303 ,126.95917400 , 
399,수곡1리입구,36.72573600 ,126.96686710 , 
400,수곡1리입구,36.72583304 ,126.96669900 , 
401,수곡2리,36.71978140 ,126.95889400 , 
402,강장2리,36.71445805 ,126.95597067 , 
403,강장4거리,36.71183010 ,126.95576640 , 
404,강장1리,36.70958471 ,126.96208569 , 
405,강장1리,36.70939170 ,126.96213530 , 
407,창암2리,36.76087410 ,126.96660150 , 
408,궁평리,36.70511440 ,126.99618900 , 
409,유곡1리마을회관,36.70488641 ,126.98538904 , 
410,거산초등학교,36.69146802 ,126.98909070 , 
411,법륜원앞,36.68813804 ,126.99058066 , 
412,각흘고개,36.65307970 ,126.98293899 , 
413,문금리,36.64227305 ,126.97693237 , 
414,문금2리적바위,36.63936690 ,126.99012610 , 
415,문금리,36.64204970 ,126.97698736 , 
416,거산2리 성골,36.66145805 ,126.98707069 , 
417,거산1리회관,36.66840970 ,126.98925403 , 
418,거산1리 거산골,36.67348306 ,126.98947732 , 
419,거산1용두원,36.67657302 ,126.99004234 , 
420,송학2리,36.68261805 ,126.99075066 , 
421,법륜원앞,36.68847304 ,126.99030568 , 
422,거산초등학교,36.69106302 ,126.98931901 , 
423,유곡2리입구,36.69581137 ,126.98878234 , 
424,유곡1리,36.70425304 ,126.98973570 , 
425,봉곡사,36.70059300 ,126.97213790 , 
426,봉곡사입구,36.70404150 ,126.97939140 , 
427,봉곡사입구,36.70415468 ,126.97935902 , 
428,유곡1리마을회관,36.70474570 ,126.98544020 , 
429,유곡1깊은골,36.70302305 ,126.97528404 , 
430,유곡1깊은골,36.70291480 ,126.97531270 , 
431,유곡1리,36.70427500 ,126.98958910 , 
432,유곡2리입구,36.69571330 ,126.98867620 , 
433,송학2리,36.68285469 ,126.99068066 , 
434,거산1용두원,36.67650302 ,126.98993400 , 
435,거산1리 거산골,36.67349304 ,126.98936567 , 
436,거산1리회관,36.66840490 ,126.98913670 , 
437,거산2리 성골,36.66141806 ,126.98694067 , 
438,각홀고개,36.65293110 ,126.98311010 , 
439,문금2리적바위,36.63946473 ,126.99020071 , 
440,검단,36.64116830 ,126.99930400 , 
441,문금2리,36.64017471 ,126.99551236 , 
442,문금2리,36.64007139 ,126.99530732 , 
443,마곡리입구,36.70372250 ,127.00067630 , 
444,마곡1리,36.69709660 ,127.00411120 , 
445,마곡리입구,36.70386610 ,127.00052430 , 
446,마곡리입구,36.70378637 ,127.00052735 , 
447,검단리종점,36.64155040 ,126.99800380 , 
448,신정호관광지,36.77218975 ,126.98205404 , 
449,신인동 전의실,36.76034969 ,126.99103066 , 
450,기산1통,36.75756490 ,126.96943990 , 
452,초사초등학교입구,36.75369139 ,126.97551902 , 
453,초사1통 갱티,36.74455870 ,126.96927740 , 
454,점량동,36.76666308 ,126.97108399 , 
455,동화1리,36.72535474 ,126.97064238 , 
456,동화2리 배골,36.72326473 ,126.97388067 , 
457,동화2리,36.72198636 ,126.97941402 , 
458,동화2리 분토골,36.72215802 ,126.98701232 , 
459,동화리 송악저수지,36.72176010 ,126.98940290 , 
460,동화리 송악저수지,36.72190135 ,126.98931233 , 
461,동화2리 분토골,36.72215670 ,126.98729500 , 
462,동화2리,36.72208590 ,126.97928870 , 
463,동화2리 배골,36.72340450 ,126.97369180 , 
464,동화리,36.72568808 ,126.97009402 , 
465,유곡1리 신성강장마을,36.70812200 ,126.97253420 , 
466,유곡1리 신성강장마을,36.70804040 ,126.97242280 , 
467,초사초등학교입구,36.75387640 ,126.97546237 , 
468,신인1통,36.75206110 ,126.98101640 , 
469,기산동,36.75762390 ,126.96953470 , 
470,점량동,36.76699470 ,126.97087902 , 
471,점등이,36.77235580 ,126.97199030 , 
472,점등이,36.77237806 ,126.97224404 , 
473,법곡동,36.76352730 ,127.01311330 , 
474,읍내주공아파트.온양향교,36.76148303 ,127.01545068 , 
475,외암리아래삼막골,36.74148474 ,127.01424568 , 
476,역촌삼거리,36.72541410 ,127.00440730 , 
477,송남중학교,36.72108971 ,127.00379235 , 
478,역촌2리마을회관,36.71976640 ,127.00438568 , 
479,역촌2리마을회관,36.71985240 ,127.00451030 , 
480,역촌삼거리,36.72603290 ,127.00472250 , 
481,역촌리농협창고,36.72851973 ,127.00676235 , 
482,송악농협,36.73238802 ,127.00919068 , 
483,외암리윗삼막골,36.73844303 ,127.01293902 , 
484,정문거리,36.74296471 ,127.01489735 , 
485,읍내주공아파트.온양향교,36.76176138 ,127.01524902 , 
486,법곡동,36.76374410 ,127.01321280 , 
487,신도브래뉴,36.77246472 ,127.01448235 , 
488,주공3단지,36.77323802 ,126.99476233 , 
489,아산시평생학습관,36.77180472 ,126.99455233 , 
490,주공3단지,36.77323141 ,126.99487569 , 
491,법곡2동,36.75196340 ,126.99645760 , 
492,용화동 홍거리,36.76778638 ,126.99482234 , 
494,역촌2리,36.72285710 ,126.99936210 , 
495,외암민속마을,36.72984810 ,127.01329020 , 
496,강당2리입구,36.72484150 ,127.01575750 , 
497,역촌2리,36.72284700 ,126.99910460 , 
498,아산시평생학습관,36.77164138 ,126.99442066 , 
499,풍기일통,36.77179136 ,127.01595235 , 
500,외암리아래삼막골,36.74138860 ,127.01434080 , 
501,외암리윗삼막골,36.73869308 ,127.01294068 , 
502,역촌1리,36.73260530 ,127.00922740 , 
504,외암민속마을,36.72992520 ,127.01339050 , 
505,강당2리입구,36.72490040 ,127.01583550 , 
506,산촌체험관,36.71752340 ,127.01511480 , 
507,산촌체험관,36.71750580 ,127.01522130 , 
508,평촌2리,36.72643320 ,126.99806220 , 
510,평촌1리,36.73527136 ,127.00107902 , 
513,역촌리농협창고,36.72862120 ,127.00671620 , 
514,역촌삼거리,36.72609550 ,127.00460450 , 
515,송남중학교,36.72104030 ,127.00400430 , 
516,궁평리,36.70520030 ,126.99625560 , 
517,법곡2통,36.75176802 ,126.99658232 , 
518,강청리,36.82336850 ,126.93736770 , 
519,강청리,36.82328320 ,126.93743000 , 
520,산양3리,36.82720200 ,126.92409200 , 
521,산양3리,36.82701370 ,126.92430640 , 
523,오목리 정안,36.80920140 ,126.92373737 , 
524,신창파출소,36.80490010 ,126.93352090 , 
526,신창면사무소,36.80278660 ,126.93644550 , 
527,신달2리,36.80198641 ,126.93781068 , 
528,신달2리,36.80120580 ,126.93787170 , 
529,오목리 정안,36.81025910 ,126.92596450 , 
530,오목리 정안,36.81020473 ,126.92584569 , 
535,한일이화,36.79857780 ,126.94143640 , 
536,한일이화,36.79909805 ,126.94081901 , 
537,성우아파트,36.79740530 ,126.94420800 , 
538,성우아파트,36.79765972 ,126.94408401 , 
539,신창초등학교.신창향교,36.77969306 ,126.93537900 , 
540,읍내2리,36.77724803 ,126.93499899 , 
544,성우하이텍앞,36.79267540 ,126.92283510 , 
546,오목오거리,36.80648200 ,126.93159230 , 
547,오목오거리,36.80636460 ,126.93155950 , 
548,오목오거리,36.80626600 ,126.93167230 , 
549,오목2리,36.79399650 ,126.93041350 , 
550,신창중학교,36.80003050 ,126.92920300 , 
551,중방리 대장골,36.81589310 ,126.96819330 , 
552,중방리 대장골,36.81574920 ,126.96828400 , 
553,중방리마을회관,36.81794469 ,126.96322737 , 
554,중방리마을회관,36.81749137 ,126.96379233 , 
555,중방리 골중뱅이,36.81951140 ,126.95501620 , 
556,서원1리,36.82088570 ,126.95061220 , 
557,서원1리,36.82082200 ,126.95049490 , 
558,서원리협동화단지,36.82186110 ,126.94653390 , 
559,남성리 남방재,36.79515630 ,126.94617460 , 
560,남성리 남방재,36.79534807 ,126.94612570 , 
561,한미아파트,36.79391520 ,126.95068940 , 
562,한미아파트,36.79387636 ,126.95122735 , 
563,신일아파트,36.79320470 ,126.95300900 , 
564,신일아파트,36.79355974 ,126.95231066 , 
569,코아루아파트,36.79048740 ,126.95451460 , 
570,배미서진아파트,36.78821060 ,126.96791170 , 
571,배미서진아파트,36.78833971 ,126.96800903 , 
572,서원삼거리,36.83962139 ,126.96628402 , 
573,서원2리,36.83618803 ,126.96579402 , 
574,서원2리,36.83684136 ,126.96609068 , 
575,부영아파트,36.78517974 ,126.96140903 , 
576,상아아파트,36.78409472 ,126.94859737 , 
577,코아루에듀파크,36.78386971 ,126.94858567 , 
578,대주아파트,36.77833802 ,126.95254901 , 
579,부영아파트,36.78508806 ,126.96180900 , 
580,득산농공단지,36.78601306 ,126.96429065 , 
581,득산농공단지,36.78611307 ,126.96384904 , 
582,친오애아파트,36.78347635 ,126.95443570 , 
583,친오애아파트,36.78323139 ,126.95500066 , 
584,장미아파트입구,36.78975973 ,126.96337233 , 
588,중방리 골중뱅이,36.81961970 ,126.95505460 , 
589,서원리협동화단지,36.82199600 ,126.94646560 , 
590,서원삼거리,36.83936135 ,126.96647902 , 
591,행목1리 칠목,36.77486910 ,126.95207030 , 
592,수장리,36.80078700 ,126.96691230 , 
593,수장리,36.80061090 ,126.96685180 , 
595,수장2리,36.80395070 ,126.96481650 , 
596,수장리 종점,36.80577637 ,126.96404734 , 
598,신운리,36.87044141 ,126.94497735 , 
599,신운리,36.87043136 ,126.94513235 , 
600,월선1리,36.87378473 ,126.94012569 , 
601,월선2리,36.87805802 ,126.93396069 , 
602,모원리,36.87964805 ,126.92924566 , 
603,모원리,36.87938306 ,126.92927904 , 
608,월선2리,36.87696308 ,126.93556236 , 
609,월선1리,36.87388805 ,126.94036233 , 
612,영인농협,36.85442139 ,126.95690235 , 
613,아산2리,36.85683635 ,126.95270237 , 
614,아산2리,36.85675240 ,126.95267540 , 
615,아산3리,36.86097307 ,126.95107737 , 
616,아산3리,36.86082330 ,126.95089860 , 
617,창용1리,36.90687710 ,126.96587200 , 
619,구성2리,36.89901470 ,126.95702734 , 
620,구성1리,36.89295300 ,126.95467850 , 
621,와우리,36.89060810 ,126.95246750 , 
622,와우리대추머리,36.88856471 ,126.94873737 , 
628,와우리,36.89003820 ,126.95203390 , 
629,역2리,36.87573137 ,126.96339401 , 
630,신운1리 개사티,36.87025302 ,126.95767400 , 
631,역2리,36.87563930 ,126.96348860 , 
632,신운1리 개사티,36.87032990 ,126.95756800 , 
633,아산리 갈매지,36.86428860 ,126.94879600 , 
634,아산리 갈매지,36.86421320 ,126.94905120 , 
635,영인면사무소.영인초교,36.85530050 ,126.95511440 , 
636,영인초등학교.아산향교,36.85546920 ,126.95513450 , 
637,영인농협,36.85433470 ,126.95680390 , 
640,신화초등학교,36.88526805 ,126.96742233 , 
642,역리슈퍼,36.87683880 ,126.96560100 , 
643,역리슈퍼,36.87670320 ,126.96553460 , 
644,아산교육지원청,36.78907970 ,126.99364068 , 
645,아산교육지원청,36.78880803 ,126.99252234 , 
647,석정4리,36.80191806 ,126.98868901 , 
648,곡교1리,36.80739139 ,126.98387900 , 
649,염치농협,36.81354100 ,126.97465060 , 
650,염치농협,36.81329010 ,126.97457270 , 
651,염성2리,36.81578137 ,126.97296737 , 
652,염성2리,36.81578960 ,126.97268770 , 
653,신정삼거리,36.78604473 ,126.98316069 , 
654,동아아파트,36.78546305 ,126.98606571 , 
655,동아아파트,36.78555920 ,126.98610850 , 
656,남산현대아파트,36.78657974 ,126.99004736 , 
657,남산현대아파트,36.78658139 ,126.98985733 , 
658,남산현대아파트앞,36.78469470 ,126.98996738 , 
659,남산현대아파트앞,36.78440472 ,126.99069236 , 
660,신정호저수지입구,36.77583138 ,126.98326903 , 
661,아산실내수영장,36.77875141 ,126.98586067 , 
662,백련암,36.77993473 ,126.98673404 , 
663,방축현대아파트,36.78140637 ,126.98841232 , 
664,방축주공아파트,36.78193560 ,126.98931550 , 
665,오성하이츠2차,36.78264806 ,126.99162404 , 
666,방축주공아파트,36.78214820 ,126.98949900 , 
667,방축현대아파트,36.78141680 ,126.98815900 , 
668,백련암,36.78014638 ,126.98665400 , 
669,아산실내수영장,36.77821137 ,126.98521732 , 
670,신정호저수지입구,36.77591136 ,126.98315732 , 
671,삼정백조아파트,36.78680474 ,126.96957566 , 
673,염성1리토골,36.81417020 ,126.98410560 , 
675,염성1리,36.81584090 ,126.97860500 , 
676,삼정백조아파트,36.78685570 ,126.96932200 , 
677,곡교2리,36.81279141 ,126.98873568 , 
679,석정4리,36.79979460 ,126.99122250 , 
684,유진전력앞,36.79134970 ,126.98686234 , 
685,유진전력앞,36.79128307 ,126.98678236 , 
686,실옥4통,36.79560137 ,126.98078566 , 
687,실옥4통,36.79562250 ,126.98057700 , 
688,배미빌라앞,36.79577620 ,126.97513060 , 
689,배미빌라앞,36.79566200 ,126.97519640 , 
690,배미동,36.79456290 ,126.97391720 , 
691,배미동,36.79412240 ,126.97358730 , 
693,수광사입구,36.79473473 ,126.97092899 , 
694,오성하이츠2차,36.78257640 ,126.99149237 , 
695,신정호저수지,36.77641730 ,126.98089370 , 
696,신정호저수지,36.77623710 ,126.98091740 , 
697,아산소방서,36.78777410 ,127.01555340 , 
698,권곡초등학교,36.79001290 ,127.01256580 , 
699,삼부르네상스아파트,36.79025890 ,127.01034950 , 
700,온양민속박물관,36.79154641 ,127.00778568 , 
701,권곡주공아파트,36.79350303 ,127.00854902 , 
702,충남경제진흥원,36.79889560 ,127.01204100 , 
703,송곡2리,36.80028410 ,127.01210390 , 
704,송곡2리,36.80019520 ,127.01197220 , 
706,온양민속박물관,36.79180136 ,127.00776568 , 
707,성환아파트,36.79013141 ,127.01030068 , 
708,권곡초등학교,36.78988473 ,127.01244402 , 
709,아산소방서,36.78699480 ,127.01564910 , 
710,온양여중고,36.77956139 ,127.01346735 , 
711,송악사거리,36.78006805 ,127.01095402 , 
712,동신초등학교,36.77893807 ,127.01552235 , 
713,온양여중고,36.77941637 ,127.01348735 , 
714,송악사거리,36.78000968 ,127.01077902 , 
715,고속버스터미널(시티노래방앞),36.78427808 ,127.01506235 , 
716,석정2리,36.79806306 ,127.00513902 , 
717,곡교천시민체육공원,36.79910710 ,126.99937070 , 
718,경남아너스빌,36.79042510 ,126.99917610 , 
719,기업은행,36.78918070 ,126.99608190 , 
720,향군회관앞,36.78918136 ,126.99625400 , 
721,온양1동주민센터,36.78673302 ,126.99943571 , 
722,온양1동주민센터,36.78682636 ,126.99963236 , 
723,중부팬더아파트앞,36.79081710 ,126.99509040 , 
724,중부팬더아파트앞,36.79086270 ,126.99520220 , 
725,아산삼성요양병원,36.78297307 ,126.99720233 , 
726,온양고등학교,36.78349307 ,126.99514570 , 
727,온양고등학교,36.78337806 ,126.99524400 , 
728,아산삼성요양병원,36.78271469 ,126.99808734 , 
729,온양온천역,36.78159580 ,127.00274360 , 
730,온양온천초교,36.78065220 ,127.00735230 , 
731,온양온천초교,36.78076450 ,127.00726190 , 
732,온양온천역 신한은행,36.78171307 ,127.00264402 , 
733,상설시장,36.78488639 ,127.00147402 , 
734,시민로사거리,36.78616635 ,127.00187568 , 
735,상설시장,36.78430141 ,127.00112402 , 
736,온양1동 평생교육원,36.78651470 ,127.00326068 , 
737,아고오거리,36.78588807 ,127.00661068 , 
738,한올고등학교,36.78513990 ,127.01044480 , 
739,한올고등학교,36.78537710 ,127.00982580 , 
740,중앙시장앞,36.78595635 ,127.00691568 , 
741,충무아파트,36.78816100 ,127.00658470 , 
742,아고오거리,36.78562900 ,127.00555190 , 
743,온양온천역,36.78219830 ,127.00431880 , 
744,온양온천역 유엘시티,36.78332660 ,127.00490100 , 
745,엑스포아파트,36.80054140 ,127.00773902 , 
746,한남프레시앙아파트,36.80836306 ,127.00556902 , 
747,용화고등학교,36.77461303 ,127.00362402 , 
748,주공2단지,36.77432807 ,126.99504067 , 
749,노인복지회관,36.78278806 ,126.99322068 , 
750,노인복지회관,36.78298305 ,126.99377903 , 
751,주공2단지,36.77424975 ,126.99519568 , 
752,어의정앞,36.77593470 ,126.99911401 , 
753,온천마을아파트,36.77554973 ,127.00007402 , 
754,용화고등학교,36.77451137 ,127.00360568 , 
755,용화중학교,36.77430805 ,127.00649402 , 
756,그린빌라트,36.77847637 ,126.99755233 , 
757,한남프레시앙아파트,36.80848805 ,127.00531902 , 
758,석정1리마을회관,36.81261470 ,126.99769300 , 
760,석두1리,36.81181540 ,126.99309040 , 
761,시외버스터미널(동양고속앞),36.78440135 ,127.01507068 , 
762,고속버스터미널(빽다방앞),36.78448808 ,127.01453235 , 
763,아산시보건소,36.78250250 ,127.01491750 , 
765,용화동정자나무,36.77716805 ,126.99625235 , 
766,용화동정자나무,36.77702640 ,126.99612901 , 
767,그린빌라트,36.77850500 ,126.99745620 , 
768,굴다리,36.78112010 ,126.99978700 , 
769,아산시보건소,36.78251136 ,127.01503902 , 
770,송악나드리,36.77952973 ,127.00986902 , 
771,송악나드리,36.77947970 ,127.01003568 , 
772,주공1단지아파트,36.77755302 ,127.01062902 , 
773,주공1단지아파트,36.77756974 ,127.01087735 , 
775,아산시청,36.78829304 ,127.00179402 , 
776,아산시청(우체국),36.78883420 ,127.00156480 , 
777,신수2리,36.83946308 ,127.01107568 , 
778,신수2리,36.84025971 ,127.01118902 , 
779,동천1리,36.83652137 ,127.01111235 , 
780,동천1리,36.83684308 ,127.01144568 , 
781,동천2리,36.83336220 ,127.01030930 , 
782,동천2리,36.83329950 ,127.01041060 , 
783,충무유원지,36.82813250 ,127.01045930 , 
784,충무유원지,36.82932170 ,127.01027230 , 
785,충무충전소,36.82513469 ,127.01128068 , 
786,충무충전소,36.82385639 ,127.01175568 , 
787,방현2리,36.81740637 ,127.00667402 , 
788,방현2리,36.81745138 ,127.00692568 , 
789,방현3리,36.81727070 ,127.01240200 , 
790,충무휴게소,36.81326971 ,127.00486402 , 
791,충무휴게소,36.81317968 ,127.00506235 , 
792,엑스포아파트,36.80073805 ,127.00750735 , 
793,민들레주유소,36.79828680 ,127.00760030 , 
794,민들레주유소,36.79819490 ,127.00783070 , 
795,석정2리,36.79795060 ,127.00543350 , 
796,곡교천시민체육공원,36.79893170 ,126.99946710 , 
797,온양1동 평생교육원,36.78643974 ,127.00342568 , 
799,성내1리 쇠재,36.88053306 ,126.99230070 , 
800,아산온천,36.85346136 ,126.98242903 , 
802,창용2리,36.91140940 ,126.97349640 , 
803,창용2리,36.91130160 ,126.97358130 , 
807,한성공장앞,36.87659050 ,126.97258760 , 
808,신봉4리 작은철봉,36.89373870 ,126.97196570 , 
811,창용4리 마산,36.90807290 ,126.98870940 , 
816,신봉1리 입구,36.89788140 ,126.97208200 , 
818,삼화실업,36.89340180 ,126.97119250 , 
821,안골마을회관,36.87039302 ,126.98330902 , 
822,신화1리,36.88394330 ,126.97190300 , 
823,신화1리,36.88406100 ,126.97201440 , 
824,신화리,36.88331639 ,126.97387400 , 
825,신화리,36.88366190 ,126.97349840 , 
826,용수사,36.88086820 ,126.98064880 , 
827,용수사,36.88100280 ,126.98049080 , 
828,음봉농협,36.84973974 ,127.01329735 , 
829,음봉농협,36.84970636 ,127.01319568 , 
830,이충무공묘,36.85020560 ,127.01024680 , 
831,산정리,36.85108560 ,127.00354570 , 
832,산정리,36.85095040 ,127.00353540 , 
834,신남5리,36.89823306 ,127.01105902 , 
836,태정기공앞,36.89599803 ,127.00767402 , 
838,신봉3리,36.89470803 ,127.00500735 , 
840,신봉3리,36.88812920 ,127.00163610 , 
843,성내3리,36.87126940 ,127.00359020 , 
844,신봉2리 마을회관,36.89991860 ,126.99593050 , 
849,음봉초등학교,36.84781530 ,127.01142180 , 
850,이충무공묘,36.85037500 ,127.00978020 , 
854,성내3리,36.87131306 ,127.00370235 , 
855,산정리 건너말,36.85656440 ,127.00522210 , 
856,산정리 건너말,36.85652970 ,127.00553640 , 
857,산정리,36.85534120 ,127.00589180 , 
858,산정리,36.85504472 ,127.00614068 , 
859,수철리 제펜네종점,36.72242136 ,127.06319902 , 
860,남동,36.77374137 ,127.03555402 , 
861,갈마지,36.75025540 ,127.01675280 , 
862,온양6동주민센터(온양),36.75426960 ,127.01852570 , 
863,온양초등학교,36.76171471 ,127.01876402 , 
864,읍내2통,36.76001490 ,127.01969870 , 
865,초원아파트,36.75536140 ,127.03240068 , 
866,그린빌라,36.75278920 ,127.03686260 , 
867,그린빌라,36.75271305 ,127.03723568 , 
868,초원아파트,36.75564140 ,127.03213068 , 
869,좌부일통,36.75915639 ,127.02670568 , 
870,온양초등학교,36.76160650 ,127.01870840 , 
873,좌부일통,36.75905040 ,127.02667440 , 
874,읍내2통,36.75984840 ,127.01975570 , 
875,온양6동주민센터(송악),36.75417471 ,127.01837402 , 
876,갈마지,36.75033306 ,127.01654402 , 
877,강당2리,36.72291930 ,127.01746050 , 
878,강당2리,36.72293710 ,127.01762610 , 
879,구령1리,36.77244304 ,127.04093901 , 
880,신흥다세대,36.77225803 ,127.04532068 , 
881,태성연립,36.77261900 ,127.04697180 , 
882,공수4리,36.77333380 ,127.05003790 , 
883,태성연립,36.77263136 ,127.04665068 , 
884,신흥다세대,36.77213000 ,127.04522660 , 
885,구령1리,36.77289840 ,127.03992960 , 
886,금곡초등학교,36.75041304 ,127.04113068 , 
887,신흥리,36.74699469 ,127.04550235 , 
889,수철3리 날마루,36.72965136 ,127.05379068 , 
890,수철저수지,36.72597780 ,127.05924210 , 
891,수철1리 제펜네,36.72393880 ,127.06125820 , 
892,수철3리 날마루,36.72965136 ,127.05434901 , 
893,수철리 마릿골,36.73389260 ,127.05030290 , 
894,중리3리,36.74136807 ,127.04884568 , 
895,신흥리,36.74704135 ,127.04560568 , 
897,금곡초등학교,36.75050637 ,127.04116902 , 
898,한라비발디,36.77014138 ,127.06209068 , 
899,배방푸르지오,36.76967930 ,127.05629940 , 
900,중앙하이츠1차,36.77259137 ,127.05481068 , 
901,중앙하이츠1차,36.77259302 ,127.05462568 , 
902,배방푸르지오,36.76959302 ,127.05725235 , 
906,중리3리,36.74189950 ,127.04862200 , 
907,수철리 마릿골,36.73401639 ,127.05035902 , 
912,수철저수지,36.72596800 ,127.05952100 , 
913,수철1리 제펜네,36.72389638 ,127.06161235 , 
914,수철1리 제팬네종점,36.72218790 ,127.06313830 , 
915,수철리 명막골종점,36.70931280 ,127.07101290 , 
916,북수7리,36.75987520 ,127.07743800 , 
917,호서대학교입구,36.74282680 ,127.07396950 , 
919,호서대학교입구,36.74289974 ,127.07406735 , 
920,세출리,36.74357340 ,127.07326300 , 
921,회룡1리 마을회관,36.75028970 ,127.07297235 , 
922,회룡2리,36.75265030 ,127.07375270 , 
923,북수7리,36.75972140 ,127.07754080 , 
924,북수1리 입구,36.76614450 ,127.07101020 , 
925,윤정사앞,36.75928150 ,127.06405740 , 
926,북수1리 창터,36.76437050 ,127.06904810 , 
927,삼태리 종점,36.73622070 ,127.08440770 , 
928,삼태리 종점,36.73627990 ,127.08458660 , 
929,갈매2리,36.75653810 ,127.09562800 , 
930,갈매보건지소,36.76286930 ,127.08806890 , 
931,세교1리,36.75916550 ,127.10927040 , 
932,세교2리 안골,36.76653280 ,127.10694840 , 
933,세교2리 안골,36.76639802 ,127.10699068 , 
934,갈매2리,36.75665306 ,127.09573735 , 
935,원당,36.73698210 ,127.08951100 , 
936,삼태리/원당,36.73708570 ,127.08948250 , 
937,삼태2리,36.73951490 ,127.09202890 , 
938,삼태2리 경로당,36.74009803 ,127.09272068 , 
939,용정1리,36.74580370 ,127.10002390 , 
940,용정1리,36.74548380 ,127.10005360 , 
941,삼태1리,36.74939030 ,127.09642510 , 
942,삼태1리,36.74924870 ,127.09642690 , 
945,갈매보건지소,36.76273850 ,127.08804160 , 
946,신동,36.77438975 ,127.03375068 , 
947,대림아파트,36.78127635 ,127.01833568 , 
948,신일아파트입구,36.80112136 ,127.02029735 , 
949,현충사입구,36.80277141 ,127.02941068 , 
950,대림아파트,36.77979136 ,127.01868068 , 
951,이마트 아산점,36.77686803 ,127.02284235 , 
952,풍기3통,36.77536307 ,127.02905402 , 
953,모종2통,36.77549639 ,127.02923902 , 
954,백암2리,36.79491803 ,127.03488568 , 
955,방현1리,36.81921473 ,127.02028402 , 
957,신일아파트입구,36.80119639 ,127.02033568 , 
958,신일아파트,36.80597474 ,127.02145068 , 
959,백암2리,36.79514971 ,127.03575068 , 
960,장호빌딩,36.77425690 ,127.05532060 , 
961,모산,36.77515130 ,127.06046450 , 
962,모산,36.77518120 ,127.05975950 , 
963,오류동 아산세무서,36.77478340 ,127.05750940 , 
964,장호빌딩,36.77433303 ,127.05487735 , 
965,오류동 아산세무서,36.77456300 ,127.05690220 , 
967,용두1리,36.79946636 ,127.04794401 , 
968,용두1리,36.79869305 ,127.04826068 , 
971,에이스주택,36.84233141 ,127.06032902 , 
976,송촌리 물너목,36.84517700 ,127.03577320 , 
977,송촌리 물너목,36.84509141 ,127.03553235 , 
978,삼거2리,36.84815137 ,127.02596068 , 
979,삼거2리,36.84759137 ,127.02697902 , 
980,원남1리,36.86472630 ,127.02672680 , 
981,신정1리,36.87138472 ,127.02754402 , 
982,봉재2리,36.87808135 ,127.02994902 , 
983,봉재1리,36.88859080 ,127.03409640 , 
984,산전리,36.89743636 ,127.03505568 , 
985,관대리,36.90278972 ,127.03344235 , 
986,송용2리,36.91080760 ,127.03425320 , 
989,산전리,36.89718637 ,127.03491235 , 
990,봉재1리,36.88935474 ,127.03412735 , 
991,봉재2리,36.87757807 ,127.02953068 , 
993,원남리 두원공조,36.86514860 ,127.03090900 , 
994,소동2리 송암,36.86347900 ,127.03848070 , 
995,소동2리 송암,36.86362308 ,127.03834402 , 
996,원남리 두원공조,36.86527974 ,127.03079568 , 
997,원남1리,36.86481370 ,127.02715820 , 
1002,신항1리,36.89766474 ,127.02086402 , 
1003,신항1리,36.89777410 ,127.02100860 , 
1004,봉재1리 장재울,36.88315160 ,127.03644340 , 
1005,동암리,36.84399475 ,127.05571568 , 
1006,동암리,36.84346641 ,127.05641568 , 
1007,송촌리 재넘어,36.84531300 ,127.05003940 , 
1009,송촌리,36.84529420 ,127.04510430 , 
1010,송촌리,36.84514469 ,127.04504568 , 
1012,소동1리,36.86637080 ,127.04854940 , 
1013,소동3리,36.86913580 ,127.05652600 , 
1014,신휴2리마을회관,36.89037660 ,127.06158250 , 
1015,송촌리 재넘어,36.84520340 ,127.05085880 , 
1017,신휴2리마을회관,36.89027637 ,127.06150235 , 
1018,광성정밀,36.87173500 ,127.06171040 , 
1019,광성정밀,36.87159472 ,127.06162068 , 
1022,소동2리,36.86590306 ,127.04468902 , 
1024,신양2리,36.88312635 ,127.05203235 , 
1025,신양1리,36.88633636 ,127.05531402 , 
1029,호서웨딩프라자,36.77695200 ,127.07928070 , 
1030,북수3리,36.77517138 ,127.06991735 , 
1031,북수5리,36.77496303 ,127.06983235 , 
1032,북수6리,36.77514302 ,127.07186735 , 
1033,호서웨딩프라자,36.77723971 ,127.08073901 , 
1035,갈산리,36.79884304 ,127.06522568 , 
1036,갈산리,36.79897190 ,127.06516420 , 
1037,탕정초등학교,36.80179637 ,127.06780902 , 
1038,탕정초등학교,36.80158472 ,127.06726235 , 
1039,선문대학교,36.80319141 ,127.07004402 , 
1040,선문대학교,36.80324303 ,127.06984902 , 
1041,탕정농협,36.80800136 ,127.07419735 , 
1042,탕정농협,36.80758308 ,127.07363901 , 
1043,호산1리,36.80965306 ,127.07702735 , 
1044,호산1리,36.80954803 ,127.07667235 , 
1045,호산3리,36.80798920 ,127.08226570 , 
1046,호산3리,36.80799303 ,127.08241735 , 
1047,매곡2리,36.79571420 ,127.08568950 , 
1048,매곡2리,36.79551306 ,127.08581402 , 
1049,매곡1리,36.78925136 ,127.08321901 , 
1050,매곡1리,36.78917540 ,127.08322980 , 
1052,덕지리,36.83720471 ,127.07604902 , 
1053,포스코아파트정문,36.83866307 ,127.07317569 , 
1054,동암1교차로,36.84165640 ,127.06377080 , 
1055,포스코아파트후문,36.84035972 ,127.07570235 , 
1056,제자교회,36.83488650 ,127.08414710 , 
1058,초원그린타운아파트,36.83626636 ,127.08428902 , 
1059,한라아파트,36.82108200 ,127.08585320 , 
1060,동덕초등학교,36.81950660 ,127.08389400 , 
1061,호산2리,36.81474520 ,127.08083090 , 
1062,호산2리,36.81472320 ,127.08099920 , 
1063,탕정농공단지입구,36.81774620 ,127.08188530 , 
1064,동덕초등학교,36.81956200 ,127.08425250 , 
1065,한라아파트,36.82166540 ,127.08642200 , 
1067,삼성전자 기숙사,36.81541802 ,127.07028402 , 
1068,삼성전자 기숙사,36.81576974 ,127.07065068 , 
1069,명암3리,36.81956340 ,127.07045780 , 
1070,홍익아파트,36.80924300 ,127.07863210 , 
1071,탕정농공단지입구,36.81768810 ,127.08200330 , 
1072,삼성디스플레이,36.81137139 ,127.06653235 , 
1074,동암1교차로,36.84148474 ,127.06370402 , 
1077,쑥고개,36.78281950 ,127.09402190 , 
1079,신한아파트,36.78081670 ,127.09095060 , 
1080,신라아파트,36.78174060 ,127.09327560 , 
1081,쑥고개,36.78274580 ,127.09594880 , 
1083,삼일아파트,36.82684510 ,127.09953740 , 
1085,동산리,36.82600304 ,127.08927235 , 
1086,동산리,36.82620637 ,127.08956235 , 
1087,월랑1리 새텃말,36.85003138 ,127.07876568 , 
1088,휴대2리,36.77779670 ,127.10723710 , 
1089,아산정신병원,36.77659470 ,127.10348235 , 
1090,아산정신병원,36.77668010 ,127.10354480 , 
1091,태헌장미아파트,36.82930070 ,127.09502230 , 
1092,삼일아파트,36.82673260 ,127.09934180 , 
1094,태헌장미아파트,36.82878120 ,127.09628100 , 
1095,쌍용1리,36.87612620 ,127.06940510 , 
1096,쌍용초등학교,36.87967380 ,127.07504190 , 
1097,쌍암2리,36.88339141 ,127.07936068 , 
1098,쌍암리,36.88572170 ,127.08500160 , 
1099,신휴2리,36.88697490 ,127.06611890 , 
1100,신휴2리,36.88689340 ,127.06601840 , 
1101,월랑1리 마을회관,36.85401303 ,127.07641401 , 
1102,월랑1리 마을회관,36.85391780 ,127.07666970 , 
1103,월랑2리 장수,36.84442180 ,127.07816890 , 
1104,쌍암리,36.88582060 ,127.08492250 , 
1105,쌍암2리 담안,36.88469140 ,127.08177068 , 
1106,쌍암2리 담안,36.88460180 ,127.08182070 , 
1107,백만슈퍼,36.90788641 ,127.06907401 , 
1108,백만슈퍼,36.90796080 ,127.06910170 , 
1109,동성전자앞,36.90784760 ,127.07071540 , 
1110,동성전자앞,36.90797307 ,127.07079735 , 
1111,신휴1리 신부엉골,36.90518530 ,127.07088640 , 
1112,신휴1리 신부엉골,36.90518570 ,127.07098180 , 
1113,신휴3리,36.89690700 ,127.06436340 , 
1114,신휴3리,36.89702010 ,127.06447500 , 
1115,신휴1리 구부엉골,36.89370210 ,127.06676320 , 
1116,신휴1리 구부엉골,36.89363030 ,127.06684780 , 
1117,쌍용초등학교,36.87980210 ,127.07511630 , 
1118,쌍암2리,36.88330139 ,127.07930902 , 
1119,월랑2리 장수,36.84443600 ,127.07835950 , 
1122,영농조합,36.89607636 ,127.08208568 , 
1123,영농조합,36.89598970 ,127.08227820 , 
1124,신휴리,36.89520973 ,127.07350401 , 
1125,신휴리,36.89505720 ,127.07354020 , 
1129,석곡리,36.89246690 ,127.09611530 , 
1130,석곡리,36.89242260 ,127.09634560 , 
1132,청과종합유통,36.89622980 ,127.10315400 , 
1133,율금리1리(밤개울),36.90141306 ,127.10836402 , 
1134,율금리1구 밤개울,36.90128590 ,127.10828550 , 
1135,의식리,36.89442680 ,127.09169190 , 
1136,의식리,36.89431810 ,127.09153540 , 
1137,창용3리,36.91340469 ,126.98894568 , 
1139,창용2리 당개,36.91210530 ,126.97902040 , 
1140,창용3리,36.91328306 ,126.98888566 , 
1141,창용4리,36.91239050 ,126.98551830 , 
1143,신법1리,36.92426303 ,127.01427068 , 
1144,신법2리,36.92335806 ,127.01191568 , 
1145,신법2리,36.92316802 ,127.01119735 , 
1147,남창초등학교,36.91864805 ,127.00068568 , 
1148,신남1리,36.92021640 ,127.00443902 , 
1150,신법1리,36.92431472 ,127.01404735 , 
1151,남부빌라,36.92426450 ,127.03958310 , 
1152,남부빌라,36.92445800 ,127.03951460 , 
1153,송용1리,36.92423970 ,127.03515735 , 
1154,둔포신협,36.92719550 ,127.03715030 , 
1155,둔포농협,36.93011802 ,127.03858402 , 
1156,둔포농협,36.93008600 ,127.03841070 , 
1157,둔포3리,36.92727804 ,127.03688735 , 
1158,시포리,36.92671380 ,127.02315970 , 
1160,송용1리,36.92429340 ,127.03498410 , 
1161,둔포초등학교,36.92711230 ,127.03777400 , 
1162,둔포초등학교,36.92710380 ,127.03790320 , 
1164,관대리 더리미,36.91348302 ,127.03424735 , 
1165,석근리,36.93983641 ,127.04772068 , 
1179,운용2리,36.93650430 ,127.05567890 , 
1180,석곡1리 독골,36.91291400 ,127.05583380 , 
1188,비둘기아파트,36.92705270 ,127.04310440 , 
1189,비둘기아파트,36.92710760 ,127.04330610 , 
1190,둔포중학교,36.92628430 ,127.04369280 , 
1191,둔포중학교,36.92615010 ,127.04396870 , 
1194,봉헌농원,36.91740637 ,127.05462068 , 
1195,봉헌농원,36.91729450 ,127.05446680 , 
1196,석곡1리 독골,36.91277890 ,127.05585140 , 
1197,백남아파트,36.91759100 ,127.04141620 , 
1198,백남아파트,36.91767260 ,127.04156160 , 
1199,엘림가든,36.91503670 ,127.04317040 , 
1200,엘림가든,36.91512280 ,127.04329900 , 
1201,운교2리마을회관,36.91209410 ,127.04804880 , 
1202,운교2리마을회관,36.91227636 ,127.04816402 , 
1203,아산전자기계고등학교,36.93135820 ,127.04175140 , 
1204,아산전자기계고등학교,36.93158471 ,127.04209068 , 
1205,운용2리,36.93668440 ,127.05563300 , 
1212,운용3리 토막사,36.93705136 ,127.06598568 , 
1215,신방초등학교,36.92846150 ,127.08582330 , 
1218,신방리,36.93130820 ,127.08015980 , 
1221,염작2리입구,36.91169880 ,127.06555690 , 
1224,염작1리입구,36.91857790 ,127.06708960 , 
1225,염작1리입구,36.91875380 ,127.06712230 , 
1226,원농원,36.91845050 ,127.07171580 , 
1227,원농원,36.91862610 ,127.07168680 , 
1228,염작1리,36.91922160 ,127.07433860 , 
1229,염작1리,36.91925306 ,127.07413569 , 
1230,운용1리,36.93030020 ,127.07858320 , 
1231,운용1리,36.93038090 ,127.07845360 , 
1232,운용3리 토막사,36.93710470 ,127.06544402 , 
1235,왕림2리,36.92600470 ,127.10289200 , 
1239,왕림3리,36.92770110 ,127.09537140 , 
1265,쌍용동일아파트,36.78461510 ,127.11375870 , 
1269,휴대리입구,36.78441800 ,127.11191830 , 
1329,온양나드리,36.80325320 ,127.14598940 , 
1340,순천향병원,36.80347470 ,127.13900220 , 
1405,일봉동주민센터,36.80100720 ,127.14280270 , 
1408,율금리,36.90544940 ,127.11480950 , 
1409,율금교,36.90733930 ,127.11801040 , 
1412,매주3리,36.90884120 ,127.12112360 , 
1414,매주4리 삼천리앞,36.91120010 ,127.12534070 , 
1424,국립축산과학원,36.92574910 ,127.11173870 , 
1430,성환8리,36.92121870 ,127.12274200 , 
1435,성환고등학교,36.92435710 ,127.11752810 , 
1438,성환터미널,36.91683100 ,127.13269700 , 
1439,오암2리회관,36.72250141 ,126.93706401 , 
1442,유곡2리,36.69139802 ,126.98024734 , 
1443,유곡2리,36.69128220 ,126.98027110 , 
1444,유곡3리종점,36.68918900 ,126.97781140 , 
1449,장미아파트,36.79279680 ,126.96139590 , 
1450,동정리,36.83068880 ,126.99277080 , 
1451,쌍죽리 종점,36.82751430 ,126.98428060 , 
1452,쌍죽리마을회관,36.82259430 ,126.97750740 , 
1454,신봉1리 큰철봉,36.89706550 ,126.97612810 , 
1455,공수리,36.76212460 ,127.05644490 , 
1456,백암2리,36.80408640 ,127.03354235 , 
1457,용두2리,36.80691390 ,127.04849290 , 
1458,대동리 황골,36.81227110 ,127.04233100 , 
1466,KCC,36.83391070 ,126.96581230 , 
1467,공수1리,36.76216100 ,127.05653990 , 
1468,득산동,36.78573380 ,126.96659400 , 
1469,득산동,36.78585120 ,126.96663810 , 
1472,희안마을,36.76903970 ,126.98278068 , 
1473,희안마을,36.76903030 ,126.98267580 , 
1478,구령리,36.78373302 ,127.04284235 , 
1479,구령리,36.78387370 ,127.04364980 , 
1480,가덕1리,36.81418880 ,126.92581740 , 
1483,덕암리 바깥삭실,36.73488970 ,126.93340737 , 
1485,죽산1리,36.78109450 ,126.91971120 , 
1486,현대차사원아파트,36.84576100 ,126.85889890 , 
1487,신현리,36.86034969 ,126.92964570 , 
1488,신현리,36.86097803 ,126.93012069 , 
1489,구령1리,36.77269120 ,127.03996450 , 
1490,구령1리,36.77279304 ,127.04134068 , 
1491,용두2리,36.80707210 ,127.04860970 , 
1492,대동리 황골,36.81226580 ,127.04211810 , 
1493,백암2리,36.80396190 ,127.03363100 , 
1494,명암3리,36.81946850 ,127.07039100 , 
1495,세교1리,36.75928641 ,127.10928902 , 
1496,현충사,36.80476472 ,127.02927235 , 
1497,샘마을아파트,36.78937636 ,126.95166235 , 
1500,갈산2리 여술,36.79246220 ,127.06782830 , 
1501,갈산2리 여술,36.79248139 ,127.06767235 , 
1505,서남대학교,36.73169310 ,127.00059160 , 
1537,수곡리,36.72716210 ,126.95629660 , 
1538,수곡리,36.72798950 ,126.95390540 , 
1539,수곡1리,36.72727639 ,126.95623236 , 
1541,동일하이빌A,36.77244972 ,127.02060902 , 
1542,아산경찰서,36.77227970 ,127.02067440 , 
1544,대주아파트,36.77769190 ,126.95231920 , 
1545,신정호관광지,36.77310807 ,126.98251066 , 
1546,이마트 아산점,36.77709340 ,127.02264690 , 
1547,포스코아파트후문,36.84123468 ,127.07606735 , 
1548,수철2리,36.72497560 ,127.04754400 , 
1551,신영모닝빌아파트,36.90964130 ,127.02002620 , 
1552,충남경제진흥원,36.79899450 ,127.01198990 , 
1553,공수4리,36.77344802 ,127.04974235 , 
1554,정문거리,36.74312474 ,127.01475902 , 
1555,외암3리,36.73461970 ,127.01089460 , 
1556,외암3리,36.73453260 ,127.01097020 , 
1557,공수1리,36.76303990 ,127.03597180 , 
1558,공수1리,36.76312980 ,127.03589280 , 
1559,삼거1리,36.84801639 ,127.01201068 , 
1560,삼거1리,36.84801474 ,127.01186235 , 
1561,음봉초등학교,36.84784300 ,127.01157870 , 
1563,남성3리 복지회관,36.79225302 ,126.95770738 , 
1564,남성3리 복지회관,36.79253500 ,126.95834900 , 
1565,읍내2통,36.76007400 ,127.01981030 , 
1566,대흥4리각골,36.80931139 ,126.86873732 , 
1569,궁평3리,36.80525630 ,126.86332630 , 
1571,선창1리입구,36.78863840 ,126.86967740 , 
1576,신유리 팽나무갱이,36.73863420 ,126.91577930 , 
1578,경희학성아파트,36.77125060 ,126.93585280 , 
1582,덕암리입구,36.73599240 ,126.92307940 , 
1584,백남아파트,36.91782141 ,127.04146068 , 
1585,백남아파트,36.91796040 ,127.04138030 , 
1586,곡교1리,36.80739304 ,126.98338404 , 
1587,KCC앞,36.83301802 ,126.96667566 , 
1588,금성리 마을회관,36.84161220 ,126.87252800 , 
1589,인주농협,36.86847270 ,126.88494600 , 
1592,갈매1리 암소개,36.76468810 ,127.08483790 , 
1593,갈매1리 암소개,36.76454390 ,127.08486670 , 
1594,세출리 세나리펄,36.73741730 ,127.08244680 , 
1595,세출리 세나리펄,36.73757510 ,127.08245150 , 
1596,행목1리 칠목,36.77490140 ,126.95221570 , 
1597,명암2리 장목이,36.82045806 ,127.05787568 , 
1598,북수6리 꽃동네,36.77372974 ,127.07032402 , 
1599,북수6리 꽃동네,36.77364473 ,127.07039235 , 
1602,금호어울림아파트,36.77116474 ,127.06982568 , 
1603,금호어울림아파트,36.77056640 ,127.06809569 , 
1604,삼성전자,36.77007971 ,127.06306235 , 
1605,신화초등학교,36.88531110 ,126.96792880 , 
1606,정우테크,36.82942260 ,126.89034420 , 
1607,정우테크,36.82933430 ,126.89070370 , 
1608,세교4리,36.77893636 ,127.08561401 , 
1609,인주농협,36.86828340 ,126.88529640 , 
1611,용화동 홍거리,36.76746136 ,126.99476570 , 
1612,기산2통입구,36.75280430 ,126.96063370 , 
1613,포스코아파트정문,36.83846140 ,127.07307235 , 
1614,덕지리,36.83739971 ,127.07617735 , 
1615,산동1리 종점,36.84984770 ,127.09741750 , 
1616,산동1리 종점,36.84996990 ,127.09755490 , 
1618,쌍용초등학교,36.87964750 ,127.07523280 , 
1619,문방삼거리,36.86613130 ,126.87297710 , 
1621,운용3리,36.93556420 ,127.07289800 , 
1622,운용3리,36.93571806 ,127.07291568 , 
1623,신영모닝빌아파트,36.90972300 ,127.02016040 , 
1624,신영모닝빌아파트,36.90973150 ,127.02003130 , 
1625,맹사성고택,36.74846640 ,127.04371901 , 
1626,동정리,36.83088290 ,126.99281990 , 
1629,휴대리,36.78086020 ,127.11366210 , 
1632,호서대학교종점,36.73895200 ,127.07668800 , 
1633,주은아파트,36.77492806 ,127.01582902 , 
1634,갈산2리 여술,36.78942140 ,127.06779600 , 
1635,매곡1리,36.78907020 ,127.08306330 , 
1637,수철리 명막골종점,36.70924030 ,127.07091250 , 
1638,자이2차아파트,36.77394040 ,127.07275530 , 
1639,자이2차아파트,36.77385969 ,127.07303568 , 
1640,중앙하이츠3차,36.77425470 ,127.07642068 , 
1641,중앙하이츠3차,36.77411910 ,127.07659900 , 
1642,배방롯데캐슬아파트,36.77457641 ,127.08045402 , 
1643,배방롯데캐슬아파트,36.77443310 ,127.08051030 , 
1644,자이1차아파트,36.77209807 ,127.08175402 , 
1645,자이1차아파트,36.77183410 ,127.08176830 , 
1646,북수초등학교,36.76785135 ,127.07850568 , 
1647,북수초등학교,36.76781136 ,127.07862735 , 
1648,배방롯데캐슬아파트,36.77576641 ,127.08191401 , 
1649,배방롯데캐슬아파트,36.77595803 ,127.08203902 , 
1653,인주공단1,36.87985805 ,126.88068069 , 
1656,실옥동 쪽지벌,36.79367806 ,126.98305235 , 
1657,실옥동 쪽지벌,36.79355980 ,126.98301200 , 
1658,중앙하이츠3차,36.77552303 ,127.07548735 , 
1659,청솔노인요양원,36.71432473 ,127.06939068 , 
1660,신양리 당우리,36.88996636 ,127.05391901 , 
1661,봉재리,36.88055180 ,127.04249620 , 
1662,세진아파트,36.77475805 ,127.01431235 , 
1663,중앙하이츠3차,36.77557472 ,127.07443068 , 
1664,충남외국어고,36.80125971 ,127.05846901 , 
1665,충남외국어고,36.80120974 ,127.05825235 , 
1668,북수2리,36.77159974 ,127.07551568 , 
1669,북수2리,36.77142390 ,127.07541030 , 
1671,호서대학교,36.74036200 ,127.07644170 , 
1672,호서대학교,36.74039300 ,127.07630150 , 
1673,호서대학교종점,36.73895250 ,127.07683360 , 
1674,태산LCD,36.85465810 ,127.01534700 , 
1675,태산LCD,36.85489770 ,127.01552500 , 
1676,산동리 뫼골,36.84832500 ,127.09077070 , 
1677,산동리 뫼골,36.84847136 ,127.09074735 , 
1678,인주공단5,36.87425470 ,126.87479232 , 
1680,인주공단4,36.87757370 ,126.86962840 , 
1684,북수리 학교말,36.77344730 ,127.07529830 , 
1685,북수리 학교말,36.77370820 ,127.07512880 , 
1686,삼정백조아파트,36.74738639 ,127.06833735 , 
1687,신동1통 새뜸,36.77955670 ,127.03345500 , 
1688,신동1통 마을회관,36.78058010 ,127.03237290 , 
1689,도고꽃식물원,36.74682250 ,126.86380260 , 
1690,순천향대학교 후문,36.77359470 ,126.93362405 , 
1691,순천향대학교 후문,36.77376270 ,126.93332540 , 
1692,역1리,36.87312307 ,126.96825902 , 
1694,연화마을7단지,36.78576307 ,127.09167235 , 
1695,용연마을,36.79303570 ,127.09029160 , 
1696,용연마을,36.79300330 ,127.09004180 , 
1697,행목2리 마을회관,36.77564974 ,126.95748237 , 
1699,방축동 두진매,36.76133660 ,126.97328710 , 
1700,방축동 두진매,36.75969830 ,126.97382490 , 
1701,신봉3리 흔티,36.88514802 ,126.99940901 , 
1702,금성리 마을회관,36.84148620 ,126.87257390 , 
1703,현대아이파크아파트,36.77204975 ,127.01800735 , 
1707,아산축협온천지점,36.78253230 ,127.00443990 , 
1709,친오애아파트,36.78295610 ,126.95420930 , 
1710,친오애아파트,36.78295540 ,126.95406360 , 
1711,신동1통 마을회관,36.78073840 ,127.03249530 , 
1712,신동1통 새뜸,36.77959800 ,127.03362840 , 
1713,명암2리 장목이,36.82031780 ,127.05788320 , 
1714,갈산2리 여술,36.78958635 ,127.06778902 , 
1720,매곡1리,36.78910220 ,127.08317520 , 
1721,쌍죽리 종점,36.82759910 ,126.98408940 , 
1722,대음리,36.84356200 ,126.86286640 , 
1735,배방역,36.77675473 ,127.05271402 , 
1736,삼영프라자 공수5리,36.77512306 ,127.05427735 , 
1739,회룡1리,36.74744641 ,127.07252902 , 
1742,회룡1리,36.74753750 ,127.07235390 , 
1940,냉정리 복흥골,36.85653190 ,126.92246530 , 
1941,냉정리 북흥골,36.85634320 ,126.92257890 , 
1942,신창역,36.76975972 ,126.94974566 , 
1943,신창역,36.76978973 ,126.95005401 , 
1944,용두2리,36.80522636 ,127.04779068 , 
1945,용두2리,36.80524308 ,127.04812902 , 
1946,신도브래뉴,36.77286972 ,127.01396902 , 
1947,이순신종합운동장,36.77146807 ,127.02168068 , 
1948,석정1리,36.81280880 ,127.00139260 , 
1949,행목2리입구,36.76330410 ,126.95971990 , 
1950,초사리 갱티입구,36.75469980 ,126.97325180 , 
1951,아산온천,36.85327520 ,126.98116420 , 
1952,아산온천,36.85317303 ,126.98101899 , 
1954,불당현대아이파크,36.80696637 ,127.10721901 , 
1955,불당현대아이파크,36.80842473 ,127.10726235 , 
1956,트라팰리스,36.79887972 ,127.06050235 , 
1957,탕정면사무소,36.79868307 ,127.06042068 , 
1958,배방 농협,36.77524950 ,127.06311870 , 
1959,배방 농협,36.77543637 ,127.06295735 , 
1960,경성아파트,36.78421806 ,126.99190734 , 
1961,경성아파트,36.78407971 ,126.99212904 , 
1962,삼성디스플레이,36.81066802 ,127.06519735 , 
1963,농협중앙지점,36.77522802 ,127.05449902 , 
1964,월봉고등학교,36.80215635 ,127.10932568 , 
1965,월봉중학교,36.80183973 ,127.11107902 , 
1967,불당동주민센터,36.81131805 ,127.10855068 , 
1973,충무아파트,36.78872137 ,127.00663568 , 
1975,냉정리 잔다리,36.85900138 ,126.91376238 , 
1976,냉정리 잔다리,36.85892305 ,126.91417233 , 
1977,인취사신창읍농공단지,36.78376710 ,126.93501800 , 
1978,신창농공단지인취사,36.78431304 ,126.93517402 , 
1979,영인중학교,36.85388638 ,126.95802400 , 
1980,삽교호종점,36.88828390 ,126.82516820 , 
1981,설화고등학교,36.78733308 ,127.09160068 , 
1982,설화고등학교,36.78726804 ,127.09150568 , 
1983,권곡주공아파트,36.79353139 ,127.00839068 , 
1986,대동리입구,36.80942780 ,127.03786920 , 
1987,온양여중고,36.77969974 ,127.01419735 , 
1989,기산1통 성미말,36.75238803 ,126.96838567 , 
1990,청솔노인요양원,36.71476160 ,127.06858860 , 
1991,오암2리구암말,36.72649807 ,126.92662401 , 
1992,신창초등학교,36.77768138 ,126.93470399 , 
1993,소동3리마을회관,36.87534010 ,127.04898360 , 
1994,소동3리마을회관,36.87520430 ,127.04883850 , 
1995,연화마을8단지,36.78530137 ,127.09286401 , 
1996,월랑1리,36.85192474 ,127.07740235 , 
1997,월랑1리 ,36.85194230 ,127.07756110 , 
1998,쌍용보건지소,36.87947302 ,127.07350902 , 
2000,다소미아파트,36.79380220 ,126.96045850 , 
2001,다소미아파트,36.79386450 ,126.96029000 , 
2003,신현리 마을회관,36.86675190 ,126.93507740 , 
2004,상성리 마을회관,36.86135560 ,126.94344120 , 
2005,상성리 공단앞,36.86419500 ,126.93956130 , 
2006,상성리 공단앞,36.86412141 ,126.93946568 , 
2007,상성리 마을회관,36.86134570 ,126.94326180 , 
2008,매곡3리,36.80037910 ,127.08562510 , 
2009,매곡3리,36.80036974 ,127.08551568 , 
2010,득산동입구,36.77640230 ,126.97786820 , 
2011,매곡2리입구,36.78057170 ,127.08787220 , 
2012,매곡2리 입구,36.78058000 ,127.08764810 , 
2014,개화네마을,36.74743340 ,126.96703960 , 
2022,천안아산역,36.79431150 ,127.10368040 , 
2023,인주공단입구,36.87396472 ,126.88161237 , 
2024,소동3리 발산,36.87360230 ,127.05237560 , 
2025,소동3리 발산,36.87354450 ,127.05260600 , 
2027,음봉농협 산동지점,36.82871472 ,127.09232068 , 
2028,코닝정밀소재1단지,36.81087306 ,127.05680068 , 
2029,코닝정밀소재1단지,36.81103137 ,127.05683235 , 
2030,백암교회입구,36.80193830 ,127.03368810 , 
2031,백암교회입구,36.80192540 ,127.03384510 , 
2032,구성1리 구산,36.89593480 ,126.95620060 , 
2033,구성1리 구산,36.89591475 ,126.95607399 , 
2034,강장2리지레,36.71329140 ,126.94775030 , 
2035,강장2리 지레,36.71311060 ,126.94803150 , 
2036,관대리 관터,36.90658140 ,127.03390735 , 
2038,코닝정밀소재2단지,36.81021306 ,127.05346735 , 
2039,유곡1리지풍골,36.70088000 ,126.97385440 , 
2040,유곡1리지풍골,36.70094290 ,126.97381480 , 
2041,수철리 안세일입구,36.72931808 ,127.05260235 , 
2042,수철리 안세일입구,36.72922230 ,127.05252520 , 
2043,세교2리 산직말,36.76478000 ,127.10850910 , 
2044,삼도공조,36.85328302 ,126.99744737 , 
2045,세교2리 산직말,36.76449970 ,127.10852620 , 
2048,호수공원,36.79371640 ,127.10130069 , 
2049,패션1광장,36.79634803 ,127.10214068 , 
2050,패션1광장,36.79658804 ,127.10219402 , 
2054,한국표준협회,36.79093638 ,127.10780235 , 
2056,장재마을,36.78651139 ,127.10893735 , 
2070,북수리 마대,36.75675710 ,127.07644120 , 
2071,북수리 마대,36.75677303 ,127.07657235 , 
2072,세교2리 속샘말,36.77244700 ,127.10440250 , 
2073,세교2리 속샘말,36.77248690 ,127.10447400 , 
2074,월랑1리 신성,36.85648635 ,127.08031235 , 
2075,월랑1리 신성,36.85659570 ,127.08038930 , 
2080,아산리 절골,36.85469974 ,126.97460400 , 
2086,문방3리마을회관,36.85349474 ,126.86978401 , 
2087,온양4동 주민센터,36.79710820 ,126.97812340 , 
2088,온양4동 주민센터,36.79696474 ,126.97811899 , 
2089,서원1리 마을회관,36.82460450 ,126.95341240 , 
2091,서원1리 마을회관,36.82468640 ,126.95358010 , 
2093,신인2통 방죽안,36.75604270 ,126.98868620 , 
2096,엘크루아파트,36.75175190 ,126.98915490 , 
2097,석당리철장모랭이,36.74031230 ,126.92326220 , 
2098,농은리마을회관,36.71033010 ,126.92083050 , 
2099,서원1리 서원골,36.82408840 ,126.95884320 , 
2102,풍기3통,36.77537807 ,127.02656735 , 
2103,수장리 안골말,36.79849170 ,126.96970250 , 
2104,영인농공단지,36.86508303 ,126.95386737 , 
2105,영인농공단지,36.86513060 ,126.95407080 , 
2106,창암1리 고갯마루,36.76647510 ,126.94016230 , 
2107,경남아너스빌,36.79028635 ,126.99899066 , 
2108,서원1리 서원골,36.82423250 ,126.95880860 , 
2109,현대자동차문화관,36.84777000 ,126.85751490 , 
2110,현대자동차문화관,36.84769730 ,126.85740330 , 
2111,득산2통 마을입구,36.77886140 ,126.97351071 , 
2112,득산2통 마을입구,36.77879800 ,126.97390390 , 
2114,인주공단2,36.88088380 ,126.87904620 , 
2115,평촌3리월구리,36.74171460 ,127.00985830 , 
2116,평촌3리마을회관,36.73809260 ,127.00683930 , 
2117,동정리 낚시터,36.82065780 ,126.99327990 , 
2118,동정리 낚시터,36.82058220 ,126.99352700 , 
2119,동정리아랫독징이,36.82562670 ,126.99372370 , 
2120,동정리아랫독징이,36.82556860 ,126.99384180 , 
2121,궁화2리 비성골,36.78544040 ,126.91346400 , 
2124,명암2리장목이,36.82149973 ,127.05940068 , 
2125,명암2리장목이,36.82152472 ,127.05909902 , 
2126,유곡리,36.69435710 ,126.98669270 , 
2127,한성아파트,36.78478870 ,127.02139440 , 
2128,한성아파트,36.78465360 ,127.02141210 , 
2130,신휴3리,36.89919780 ,127.06687470 , 
2133,배방장례식장,36.78017302 ,127.06377068 , 
2134,배방장례식장,36.78013137 ,127.06365235 , 
2137,평촌1리입구,36.73497130 ,127.00738560 , 
2140,강장2리 아랫마을,36.71400805 ,126.95238238 , 
2142,세교2리 샛돌,36.76960490 ,127.10636680 , 
2143,소화마을아파트,36.78875469 ,126.95518567 , 
2145,신양리 성황당,36.88101308 ,127.04662735 , 
2146,신양리 성황당,36.88090150 ,127.04671900 , 
2147,새터마을,36.84887972 ,127.09515902 , 
2148,새터마을,36.84880139 ,127.09502568 , 
2151,독자기,36.77661970 ,127.06410270 , 
2153,인주공단3,36.87912350 ,126.87290340 , 
2154,좌부삼거리,36.76023804 ,127.02320902 , 
2155,좌부삼거리,36.76026303 ,127.02357068 , 
2156,도리못,36.78293969 ,127.06426402 , 
2157,도리못,36.78297140 ,127.06408910 , 
2158,운용1리 입구,36.92820240 ,127.07627270 , 
2159,온양농협,36.78709307 ,126.97870569 , 
2160,마라위,36.89061620 ,127.00248400 , 
2161,마라위,36.89060469 ,127.00260735 , 
2164,디스플레이제1캠퍼스,36.81100804 ,127.06116235 , 
2165,디스플레이제1캠퍼스,36.81086639 ,127.06111902 , 
2168,송용1리 마을회관,36.92128808 ,127.02832068 , 
2169,대동리삼거리,36.81134690 ,127.04345210 , 
2170,대동리삼거리,36.81147973 ,127.04349235 , 
2174,미소래산후조리원,36.83446370 ,127.08311760 , 
2175,용화근린공원,36.77425636 ,127.00867902 , 
2176,냉정골,36.90148090 ,127.01368510 , 
2177,쌍죽리입구,36.81762950 ,126.97391410 , 
2179,신한아파트,36.78122300 ,127.09218560 , 
2180,상공회의소,36.79785230 ,127.10851350 , 
2181,상공회의소,36.79809360 ,127.10925770 , 
2183,불당동문화카페거리,36.80164639 ,127.10676235 , 
2185,천안교육지원청,36.80049804 ,127.11109068 , 
2187,현대자동차정문앞,36.84641307 ,126.87969733 , 
2190,배방읍사무소,36.77417135 ,127.05366735 , 
2191,배방읍사무소,36.77391971 ,127.05316068 , 
2192,삼성기숙사,36.84041306 ,127.06164735 , 
2193,삼성기숙사,36.84007807 ,127.06163068 , 
2195,성정빌라,36.80210803 ,127.01437735 , 
2196,성정빌라,36.80204140 ,127.01448068 , 
2197,현대엠시트,36.81216740 ,126.89503620 , 
2198,현대엠시트,36.81206370 ,126.89502020 , 
2202,배방고등학교,36.77029500 ,127.06707310 , 
2203,여술삼거리,36.78601306 ,127.06637402 , 
2204,여술삼거리,36.78623139 ,127.06656568 , 
2205,신수1리,36.84878473 ,126.97943405 , 
2207,옹기전시체험관,36.75517639 ,126.87950735 , 
2210,비석거리,36.75409840 ,126.92567960 , 
2211,비석거리,36.75402638 ,126.92578402 , 
2215,갤러리아백화점,36.80115970 ,127.10423901 , 
2216,와이시티,36.79788974 ,127.10601235 , 
2217,패션2광장,36.79334135 ,127.10718401 , 
2218,아산역,36.79157807 ,127.10288402 , 
2219,아산역,36.79148302 ,127.10358902 , 
2220,패션2광장,36.79388304 ,127.10739735 , 
2221,와이시티,36.79819307 ,127.10631569 , 
2222,갤러리아백화점,36.80151472 ,127.10449735 , 
2223,성내리사거리,36.87794638 ,126.99337734 , 
2224,특수교육원,36.78423600 ,127.10129240 , 
2225,도흥1리회관,36.83353960 ,126.90046060 , 
2226,도고농공단지,36.75721973 ,126.87314902 , 
2227,학성교회,36.78367802 ,126.90466738 , 
2228,불당이통서당골,36.80046969 ,127.10064235 , 
2229,불당이통서당골,36.80062940 ,127.10057190 , 
2232,강장2리 아랫말,36.71385220 ,126.95244900 , 
2233,둔포체육공원,36.92679900 ,127.02754930 , 
2234,둔포체육공원,36.92668200 ,127.02760620 , 
2239,궁평1리오룡동,36.81218180 ,126.85721260 , 
2240,선창2리,36.78497730 ,126.89020560 , 
2242,오암1리회관,36.71810637 ,126.92889732 , 
2245,유리요양병원,36.76285639 ,126.88395071 , 
2246,유리요양병원,36.76299969 ,126.88415734 , 
2247,상성리 원모루,36.86362969 ,126.94231736 , 
2248,상성리 원모루,36.86353305 ,126.94239232 , 
2251,오미니고개,36.70687806 ,127.00581068 , 
2253,코닝정밀소재,36.81345660 ,127.05349520 , 
2254,코닝정밀소재,36.81388990 ,127.05363280 , 
10001,LH아산사업본부,36.78984302 ,127.10270735 , 
10002,LH아산사업본부,36.78997138 ,127.10223401 , 
10003,설화중학교,36.78630304 ,127.09587235 , 
10004,설화중학교,36.78643472 ,127.09576235 , 
10005,아산신도시입구,36.78402802 ,127.09135068 , 
10006,장재18리,36.78402472 ,127.09094568 , 
10007,배방STX칸 아파트,36.78701137 ,127.08915901 , 
10008,배방STX칸 아파트,36.78689636 ,127.08965402 , 
10009,매곡1리,36.78892470 ,127.08480902 , 
10010,특수교육원,36.78641806 ,127.10001235 , 
10011,열병합발전소,36.79743974 ,127.09103568 , 
10012,용연마을 휴먼시아,36.79328140 ,127.08808069 , 
10013,용연마을 휴먼시아,36.79379638 ,127.08763735 , 
10014,한글공원,36.79362803 ,127.09659235 , 
10015,한글공원,36.79236803 ,127.09581568 , 
10016,불당2통,36.79551141 ,127.09845069 , 
10017,불당2통,36.79537974 ,127.09870068 , 
10018,용연공원,36.79058680 ,127.09252050 , 
10019,장재리,36.78467540 ,127.11343110 , 
10020,동방초등학교 앞,36.78075139 ,127.11413068 , 
10021,한성아파트,36.76731780 ,127.11910390 , 
10022,중앙하이츠3차아파트(기둥),36.77422807 ,127.07652902 , 
10023,배방모산,36.77532473 ,127.06087235 , 
10024,배방한라비발디(기둥),36.77007806 ,127.06298735 , 
10025,배방 푸르지오,36.76973473 ,127.05643235 , 
10026,배방 한라비발디(기둥),36.77015969 ,127.06219401 , 
10027,꽃동네,36.77373304 ,127.07036568 , 
10028,배방자이2차아파트(기둥),36.77391640 ,127.07290735 , 
10029,금호어울림아파트(기둥),36.77054637 ,127.06819902 , 
10030,온양중,36.77493137 ,126.99704065 , 
10031,주은아파트,36.77474010 ,127.01584830 , 
10032,온양2동,36.78085305 ,126.99991567 , 
10033,굴다리,36.78119803 ,126.99966904 , 
10034,맹사성고택,36.74876471 ,127.04351401 , 
10035,일성아파트,36.79212141 ,127.00111902 , 
10036,청소년교육문화센터,36.79307973 ,127.00120235 , 
10037,신정중학교,36.78853350 ,126.98870240 , 
10038,신정중학교,36.78844820 ,126.98878700 , 
10039,동아아파트,36.78577140 ,126.98683233 , 
10040,동아아파트,36.78625220 ,126.98690520 , 
10041,용화택지1,36.77177636 ,127.00972235 , 
10042,용화택지1,36.77185640 ,127.00982735 , 
10043,신도브래뉴아파트,36.77149305 ,127.01204235 , 
10044,신1통새뜸,36.77810640 ,127.03383402 , 
10045,신2통 입구,36.78481474 ,127.03067235 , 
10046,가덕1리,36.81425650 ,126.92583930 , 
10047,신창코아루,36.79087140 ,126.95483237 , 
10048,신성1리 마을회관,36.77056303 ,126.88502067 , 
10051,대흥삼거리,36.81416160 ,126.87074750 , 
10052,기곡2리,36.76036660 ,126.88253540 , 
10053,시전3리 가향리,36.75370302 ,126.89643234 , 
10054,시전3리 가향리,36.75312141 ,126.89473404 , 
10055,시전삼거리,36.75513640 ,126.89884399 , 
10056,시전삼거리,36.75500968 ,126.89913569 , 
10057,신통교앞,36.75973304 ,126.90567567 , 
10058,읍내리2,36.77738638 ,126.93522069 , 
10059,행목2리,36.77015136 ,126.95930402 , 
10060,양우내안애아파트,36.78085973 ,126.95485068 , 
10061,신창샘마을아파트,36.78955972 ,126.95173903 , 
10062,신언1리 된벌,36.75366138 ,126.86649568 , 
10063,가산2리,36.82451120 ,126.86262630 , 
10064,신언4리,36.76779560 ,126.86557900 , 
10065,신통1리 마을회관,36.76691860 ,126.89804620 , 
10066,신통2리 마을회관,36.76600230 ,126.90495540 , 
10067,연봉정,36.74096639 ,126.85945572 , 
10068,효자리 연봉정,36.74037803 ,126.85951567 , 
10069,덕원프라자,36.74528469 ,126.86241904 , 
10070,창암1리,36.76320550 ,126.94362580 , 
10071,황산2리회관,36.75768530 ,126.95361430 , 
10072,황산리 모산,36.75378135 ,126.95650734 , 
10073,초사1통회차지,36.74323330 ,126.97023860 , 
10074,방축5통 새말,36.76682469 ,126.97667068 , 
10075,평촌2리 입구,36.72749802 ,127.00074068 , 
10076,오미니고개,36.70677805 ,127.00509402 , 
10077,유곡2리,36.69439306 ,126.98681402 , 
10078,유곡교회,36.69208060 ,126.98350630 , 
10079,문금리 탑곡삼거리,36.64114300 ,126.97665710 , 
10080,검단,36.64118306 ,126.99918738 , 
10081,명곡입구,36.60160469 ,126.97094234 , 
10082,석남리,36.55583639 ,126.95131566 , 
10083,석남1리,36.55329473 ,126.95250235 , 
10084,공주마이스터고등학교,36.54725975 ,126.95050567 , 
10085,평촌3리월구리,36.74162474 ,127.00992902 , 
10086,득산2동,36.78186808 ,126.97019402 , 
10087,안골,36.87517080 ,126.97975040 , 
10088,신봉1리 입구,36.89795810 ,126.97208700 , 
10089,와우리대추머리,36.88843650 ,126.94875150 , 
10090,아산흰돌유치원,36.88966580 ,126.94367570 , 
10091,백석포삼거리,36.88979380 ,126.93926990 , 
10092,신운3리,36.87796450 ,126.94260480 , 
10093,신운리게이트볼장,36.88202380 ,126.94127360 , 
10094,백석포,36.88990130 ,126.93911200 , 
10095,와우리마을회관,36.88729160 ,126.95558850 , 
10096,성내2리 쇠재,36.87861973 ,126.98942232 , 
10097,성내2리 안골입구,36.87471806 ,126.98943567 , 
10098,상성리 불무실,36.85751136 ,126.94859737 , 
10099,상성리 옥거리,36.85854807 ,126.94533733 , 
10100,신현리 은낙골,36.86528304 ,126.93288400 , 
10101,신현리 안말,36.86317638 ,126.93055067 , 
10102,송용2리,36.90996370 ,127.03398330 , 
10103,제2공원,36.92224780 ,127.05085080 , 
10104,제2공원,36.92238830 ,127.05105210 , 
10105,남방에프씨,36.92068640 ,127.05034350 , 
10106,석곡2리 돌다리,36.92056260 ,127.05216860 , 
10107,이지더원아파트,36.92167470 ,127.05667550 , 
10108,서진캠,36.92357302 ,127.05926568 , 
10109,중앙공원,36.91834637 ,127.06101235 , 
10110,중앙공원,36.91814305 ,127.05968735 , 
10111,태성기연,36.91292473 ,127.06295902 , 
10112,한화,36.91721137 ,127.06295568 , 
10113,공원,36.92251304 ,127.06295568 , 
10114,동보,36.92627471 ,127.06296901 , 
10115,능안말,36.93144636 ,127.06053402 , 
10116,이녹스,36.92450304 ,127.06326068 , 
10117,명화,36.91915973 ,127.06324568 , 
10118,한화테크엠,36.91481638 ,127.06324068 , 
10119,한성티앤아이,36.91169640 ,127.06324902 , 
10120,진로마트,36.91955740 ,127.05454900 , 
10121,남방에프씨,36.92053780 ,127.05037810 , 
10122,신양1리 마을입구,36.88862360 ,127.05535390 , 
10123,봉재3리,36.89622971 ,127.03532068 , 
10124,퍼스트빌리지,36.89635900 ,127.03008050 , 
10125,퍼스트빌리지,36.89640303 ,127.02923735 , 
10126,봉재리,36.88312500 ,127.03655580 , 
10127,소동2리,36.86583440 ,127.04501290 , 
10128,신휴1리,36.89492636 ,127.06962735 , 
10129,의식리,36.89411637 ,127.08643069 , 
10130,신휴1리,36.89475500 ,127.06972590 , 
10131,신휴리저수리,36.89003305 ,127.07145235 , 
10132,신휴3리구부엉골,36.89643280 ,127.06485210 , 
10133,신휴3리구부엉골,36.89641130 ,127.06512160 , 
10134,염작초등학교,36.91656940 ,127.06632630 , 
10135,쌍용1리,36.87616975 ,127.06925235 , 
10136,신수리1구,36.84857473 ,126.97920904 , 
10137,아산온천,36.85328302 ,126.98102236 , 
10138,아산온천,36.85335302 ,126.98147904 , 
10139,인주산업단지,36.87977139 ,126.88055404 , 
10140,인주산업단지,36.87429139 ,126.87492399 , 
10141,현대오일뱅크앞,36.87239307 ,126.88090735 , 
10142,서원1리 서원골,36.82375307 ,126.95848233 , 
10143,서원1리,36.82393637 ,126.95859900 , 
10144,석정1리(돌모루),36.81292969 ,127.00139902 , 
10145,석두1리 서릿말,36.81632471 ,126.99178737 , 
10146,쌍죽리,36.82465639 ,126.98213066 , 
10147,쌍죽리입구,36.81756970 ,126.97402067 , 
10148,용두3리(종점),36.81870305 ,127.04662902 , 
10149,삼성전자 기숙사후문,36.81881806 ,127.07205901 , 
10150,명암3리,36.81958138 ,127.07327735 , 
10151,대동리입구,36.80930637 ,127.03793902 , 
10152,백암2리,36.79976136 ,127.03096735 , 
10154,송곡1리,36.80681580 ,127.01666550 , 
10155,문방1리 세밑마루,36.86219969 ,126.86788238 , 
10156,탕정우체국,36.79651800 ,127.04680080 , 
10157,홍익아파트,36.80944974 ,127.07836235 , 
10158,초사2리 사래,36.74641300 ,126.98181100 , 
10159,휴대리,36.78063990 ,127.11356900 , 
10160,화천리 대천,36.72108100 ,126.91849400 , 
10161,화천1리회관,36.71978610 ,126.91629490 , 
10162,화천1리,36.71571490 ,126.91388470 , 
10163,경찰교육원,36.74576800 ,126.98584900 , 
10164,백암리,36.79488637 ,127.03489735 , 
10165,금산리,36.74828304 ,126.86391236 , 
10166,신도브래뉴아파트,36.77129810 ,127.01204330 , 
10167,청솔아파트,36.79098520 ,127.01601070 , 
10168,청솔아파트,36.79025250 ,127.01538650 , 
10169,오목초등학교,36.80779490 ,126.92809610 , 
10170,오목초등학교,36.80772660 ,126.92796200 , 
10171,신창면사무소,36.80299800 ,126.93635420 , 
10172,신창파출소,36.80493230 ,126.93364400 , 
10173,오목오거리,36.80620800 ,126.93178490 , 
10174,남성3리 복지회관,36.79258370 ,126.95814130 , 
10175,남성3리 복지회관,36.79227810 ,126.95833960 , 
10176,장미아파트,36.79283350 ,126.96154690 , 
10177,장미아파트 입구,36.78967710 ,126.96325020 , 
10178,궁화리 진너머,36.80443700 ,126.91696800 , 
10179,궁화1리 준말,36.80212420 ,126.91319660 , 
10180,궁화리 국시미,36.80032910 ,126.91202770 , 
10181,궁화리 국시미,36.80031640 ,126.91219040 , 
10182,궁화리 조내골,36.79780760 ,126.91165470 , 
10183,궁화리 조내골,36.79771810 ,126.91177310 , 
10184,궁화리 종점,36.79385240 ,126.91026700 , 
10185,궁화리 종점,36.79398330 ,126.91031650 , 
10186,오목리 정안,36.80907830 ,126.92374900 , 
10187,가덕2리 덕동,36.81129570 ,126.90810970 , 
10188,창덕에버빌,36.81230510 ,126.89907680 , 
10189,가내리입구,36.81043720 ,126.89160240 , 
10190,가내2리 번개말,36.80673990 ,126.88784250 , 
10191,가내1리 조원동,36.80265940 ,126.89461780 , 
10192,가내1리,36.80070090 ,126.89769900 , 
10193,가내1리,36.80061020 ,126.89759320 , 
10194,가내리 종점,36.79875680 ,126.90099290 , 
10195,가내리 종점,36.79866630 ,126.90090960 , 
10196,문금리 탑곡삼거리,36.64121000 ,126.97650560 , 
10197,명곡입구,36.60163040 ,126.97106870 , 
10198,온양여중고,36.77971340 ,127.01405760 , 
10199,석남리,36.55574160 ,126.95132070 , 
10200,유구읍,36.55383810 ,126.95102680 , 
10201,홍곳리,36.81304270 ,126.88256780 , 
10202,대흥2리,36.81365450 ,126.87458030 , 
10203,대흥1리,36.81368840 ,126.87160340 , 
10204,대흥삼거리,36.81396350 ,126.87079390 , 
10205,대흥리종점,36.80980390 ,126.87004320 , 
10206,대흥리종점,36.80974540 ,126.87007170 , 
10207,삼선초등학교,36.80398000 ,126.86673690 , 
10208,삼선초등학교,36.80367110 ,126.86712050 , 
10209,궁평3리회관,36.79880450 ,126.86566970 , 
10210,대흥3리,36.79624280 ,126.86622890 , 
10211,선도농협주유소,36.79383090 ,126.86612550 , 
10212,선도농협주유소,36.79372290 ,126.86616560 , 
10213,선장초등학교,36.78766860 ,126.86344160 , 
10214,선장삼거리,36.78778890 ,126.86149600 , 
10215,선장삼거리,36.78793720 ,126.86142190 , 
10216,선장삼거리,36.78783760 ,126.86134430 , 
10217,군덕복지회관,36.78948060 ,126.86094400 , 
10218,선장면사무소,36.79087320 ,126.86175060 , 
10219,가산2리 동안말,36.82138960 ,126.86467050 , 
10220,가산2리,36.82145760 ,126.86474280 , 
10221,유곡2리,36.69214800 ,126.98346110 , 
10222,휴대2리,36.77775640 ,127.10731020 , 
10223,신창중학교,36.80000280 ,126.92906870 , 
10224,오목2리,36.79397010 ,126.93053700 , 
10225,성우하이텍앞,36.79277890 ,126.92280630 , 
10226,궁화2리 신당,36.79157640 ,126.91744100 , 
10227,궁화2리조내골,36.79199060 ,126.91094820 , 
10228,궁화2리 비성골,36.78545040 ,126.91366560 , 
10229,죽산1리 너드리,36.77980380 ,126.91204450 , 
10230,죽산2리 성산,36.78033110 ,126.90749050 , 
10231,엘크루아파트,36.75185150 ,126.98924390 , 
10232,냉정골,36.90143630 ,127.01380320 , 
10233,석곡1리 독골,36.91275300 ,127.05567750 , 
10234,염작초등학교,36.91657060 ,127.06616580 , 
10235,염작2리입구,36.91170890 ,127.06535700 , 
10236,석곡1리 독골,36.91290760 ,127.05557220 , 
10237,석곡2리 돌다리,36.92068870 ,127.05215670 , 
10238,진로마트,36.91915060 ,127.05544400 , 
10239,신휴3리,36.89926650 ,127.06667570 , 
10240,쌍용보건지소,36.87941110 ,127.07341620 , 
10241,쌍죽리마을회관,36.82269290 ,126.97737220 , 
10242,독자기,36.77659730 ,127.06390110 , 
10243,백암2리,36.79975910 ,127.03084170 , 
10244,소동3리,36.86926060 ,127.05640190 , 
10245,소동1리,36.86647230 ,127.04845230 , 
10246,산정리나무골,36.85313760 ,126.99739100 , 
10247,방현3리,36.81738340 ,127.01241810 , 
10248,열병합발전소,36.79767560 ,127.09084640 , 
10249,학성교회,36.78358100 ,126.90462900 , 
10250,죽산리입구,36.78632880 ,126.90161530 , 
10251,선창3리 가장골,36.78886710 ,126.87802540 , 
10252,선창3리 토막사,36.78874070 ,126.87367780 , 
10253,선창3리 토막사,36.78859420 ,126.87411050 , 
10254,선창1리 입구,36.78878270 ,126.86969310 , 
10255,선창1리 입구,36.78870040 ,126.87202500 , 
10256,선창1리마을회관,36.79291650 ,126.87237160 , 
10257,선창1리마을회관,36.79284000 ,126.87239470 , 
10258,신동2리마을회관,36.79698880 ,126.88329080 , 
10259,신동1리,36.79082000 ,126.88799160 , 
10260,신정중학교,36.78910320 ,126.98618130 , 
10261,신정중학교,36.78917030 ,126.98606870 , 
10262,수광사입구,36.79490950 ,126.97097700 , 
10263,수장2리,36.80390480 ,126.96462620 , 
10264,수장리 종점,36.80583660 ,126.96422600 , 
10265,신인동 전의실,36.76039270 ,126.99088120 , 
10266,신인2통 방죽안,36.75611450 ,126.98859610 , 
10267,기산2통마을회관,36.74857970 ,126.96096690 , 
10268,경찰대학교,36.75237100 ,126.95653660 , 
10269,황산2리회관,36.75778530 ,126.95379280 , 
10270,황산2리,36.75926180 ,126.95142960 , 
10271,창암1리,36.76312810 ,126.94344710 , 
10272,행목리,36.76836810 ,126.94263610 , 
10273,창암2리 울바위,36.76193050 ,126.96195910 , 
10274,창암2리 울바위,36.76182200 ,126.96188710 , 
10275,읍내2리,36.77743040 ,126.93496250 , 
10276,순천향대학교,36.76787690 ,126.92597910 , 
10277,글로리콘도입구,36.76355100 ,126.89084700 , 
10278,도고로얄호텔,36.76383980 ,126.88826770 , 
10279,한국콘도,36.76446840 ,126.88517030 , 
10280,옹기전시체험관,36.75506340 ,126.87944220 , 
10281,시전사거리,36.74927480 ,126.88616530 , 
10282,금산리,36.74815650 ,126.86377030 , 
10283,신창초등학교.신창향교,36.77964120 ,126.93561980 , 
10284,시전3리강리,36.74594360 ,126.89829970 , 
10285,도고중학교,36.74446220 ,126.90127970 , 
10286,신유리 버들목,36.74117180 ,126.90847380 , 
10287,신유리 팽나무갱이,36.73853030 ,126.91574090 , 
10288,신유삼거리,36.73649830 ,126.91737580 , 
10289,덕암리 입구,36.73611850 ,126.92305050 , 
10290,도산2리 노루목,36.73247260 ,126.91668270 , 
10291,도산2리 새말,36.72993670 ,126.91796180 , 
10292,도산2리 정촌,36.72741580 ,126.91954870 , 
10293,오암2리구암말,36.72637720 ,126.92658380 , 
10294,화천초등학교,36.72140610 ,126.92112250 , 
10295,오암1리회관,36.71802660 ,126.92879020 , 
10296,화천2리회관,36.71867840 ,126.92095820 , 
10297,농은리마을회관,36.71030260 ,126.92072430 , 
10298,농은리,36.70899410 ,126.92136680 , 
10299,진테크,36.76266150 ,126.92456820 , 
10300,석당리 마을회관,36.74830640 ,126.92287190 , 
10301,석당리 철장모랭이,36.74032070 ,126.92313890 , 
10302,덕암리마을회관,36.73857750 ,126.93464930 , 
10303,도고농공단지,36.75735680 ,126.87309840 , 
10304,신언리삼거리,36.75688150 ,126.86878790 , 
10305,신언리삼거리,36.75776440 ,126.86818470 , 
10306,신언2리,36.76090390 ,126.86794940 , 
10307,건널목삼거리,36.76463940 ,126.86606440 , 
10308,건널목삼거리,36.76472110 ,126.86615900 , 
10309,신성1리,36.76760020 ,126.88329540 , 
10310,신성1리신라리,36.77052830 ,126.88908520 , 
10311,대정리,36.76409270 ,126.85094320 , 
10312,장곳리,36.76391090 ,126.84818850 , 
10313,신덕2리 앞뜸,36.76351850 ,126.84485850 , 
10314,신덕2리,36.76332320 ,126.84214320 , 
10315,신덕2리,36.76363800 ,126.84200050 , 
10316,뒤뜸,36.76510130 ,126.84173030 , 
10317,건너하평,36.76687170 ,126.84155270 , 
10318,신덕1리 사거리,36.76829870 ,126.84121550 , 
10319,신덕1리,36.77207390 ,126.84087510 , 
10320,돈포1리,36.77589740 ,126.84110010 , 
10321,돈포2리,36.77641530 ,126.85087290 , 
10322,열장원,36.77442220 ,126.85985430 , 
10323,군덕교,36.77186060 ,126.86463790 , 
10324,군덕2리,36.77983420 ,126.86296960 , 
10325,군덕2리회관,36.78318090 ,126.86256640 , 
10326,신정1리,36.86981190 ,127.02682790 , 
10327,관대리,36.90264140 ,127.03332630 , 
10328,관대리 관터,36.90647430 ,127.03377440 , 
10329,관대리 더리미,36.91344980 ,127.03448410 , 
10330,계양입구,36.94084690 ,127.04789480 , 
10331,계양입구,36.93945070 ,127.04697100 , 
10332,계양입구,36.94079990 ,127.04738970 , 
10333,계양입구,36.94070050 ,127.04732290 , 
10334,사거리슈퍼,36.94473330 ,127.05294810 , 
10335,봉재리,36.88066910 ,127.04251790 , 
10336,신양2리,36.88304040 ,127.05209830 , 
10337,신양1리,36.88638280 ,127.05518180 , 
10338,신양1리 마을입구,36.88858800 ,127.05547760 , 
10339,신양리 당우리,36.88983080 ,127.05396090 , 
10340,산전리 산직말,36.89706420 ,127.04239310 , 
10341,산전리 산직말,36.89697380 ,127.04230950 , 
10342,산전리 마을회관,36.89758850 ,127.04042020 , 
10343,산전리 마을회관,36.89748900 ,127.04035350 , 
10344,신운3리,36.87808660 ,126.94269370 , 
10345,신운리게이트볼장,36.88207840 ,126.94137980 , 
10346,아산흰돌유치원,36.88978750 ,126.94368040 , 
10347,구성1리,36.89296730 ,126.95484680 , 
10348,구성2리,36.89856300 ,126.95691260 , 
10349,구성3리,36.90364370 ,126.96248220 , 
10350,구성3리,36.90357210 ,126.96258930 , 
10351,창용1리,36.90681450 ,126.96598460 , 
10352,창용2리 당개,36.91198830 ,126.97904920 , 
10353,창용4리,36.91250770 ,126.98551750 , 
10354,남창초등학교,36.91878350 ,127.00069900 , 
10355,신남1리,36.92035860 ,127.00443860 , 
10356,시포리,36.92682650 ,127.02314770 , 
10357,아산리 절골,36.85457330 ,126.97458980 , 
10358,신화초등학교,36.88518600 ,126.96817660 , 
10359,성내1리,36.87774160 ,126.99455020 , 
10360,성내1리,36.87798640 ,126.99489650 , 
10361,신봉3리 흔티,36.88520770 ,126.99930960 , 
10362,신봉3리,36.88814660 ,127.00150690 , 
10363,신봉3리,36.89462940 ,127.00506180 , 
10364,태정기공앞,36.89589820 ,127.00776970 , 
10365,신남5리,36.89840390 ,127.01098050 , 
10366,신항2리,36.89565150 ,127.02354040 , 
10367,신항2리,36.89572390 ,127.02362410 , 
10368,신화3리,36.89299240 ,126.96333350 , 
10369,서울화인테크,36.89332100 ,126.97128290 , 
10370,신봉4리 작은철봉,36.89380240 ,126.97188780 , 
10371,태양EP앞,36.89730680 ,126.97976300 , 
10372,태양EP앞,36.89743750 ,126.97976770 , 
10373,신봉2리새떼배기,36.89921730 ,126.99319080 , 
10374,신봉2리새떼배기,36.89929340 ,126.99306680 , 
10375,신봉2리 마을회관,36.89980140 ,126.99593690 , 
10376,신봉2리 한심직이,36.90536830 ,126.98656110 , 
10377,신봉2리 한심직이,36.90553970 ,126.98660480 , 
10378,창용4리 마산,36.90805400 ,126.98851870 , 
10379,아산만,36.91445690 ,126.90723370 , 
10380,인광4리,36.97438800 ,126.92258260 , 
10381,구소방서앞,36.98857920 ,126.92871760 , 
10382,로타리슈퍼,36.98614880 ,126.92755590 , 
10383,시장입구,36.98607280 ,126.92769130 , 
10384,온양중학교,36.77504670 ,126.99695550 , 
10385,평생학습관,36.77105290 ,126.99519540 , 
10386,용화아이파크,36.77063800 ,127.00803940 , 
10387,용화아이파크,36.77024600 ,127.00698860 , 
10388,초가집한식,36.91731290 ,127.05625400 , 
10389,신기모빌,36.91281350 ,127.05836810 , 
10390,행운원룸,36.91194720 ,127.06055090 , 
10391,주식회사 성곡,36.90778640 ,127.05991020 , 
10392,상진,36.90977930 ,127.06302180 , 
10393,주식회사 성곡,36.90775550 ,127.06007880 , 
10394,행운원룸,36.91201010 ,127.06074480 , 
10395,신기모빌,36.91294810 ,127.05844930 , 
10396,초가집한식,36.91729470 ,127.05644830 , 
10397,이지더원아파트,36.92183800 ,127.05645570 , 
10398,서진캠,36.92339890 ,127.05926480 , 
10399,신언1리된벌,36.75364880 ,126.86658060 , 
10400,효자리마을회관,36.73667140 ,126.87029300 , 
10401,효자리마을회관,36.73670710 ,126.87023670 , 
10402,염치읍사무소,36.81653860 ,126.97634670 , 
10403,염치읍사무소,36.81644380 ,126.97630250 , 
10404,염성1리,36.81597610 ,126.97860410 , 
10405,신성1리 마을회관,36.77124090 ,126.88358110 , 
10406,신성2리,36.77267990 ,126.89381030 , 
10407,신성2리,36.77268400 ,126.89371500 , 
10408,원앙주조,36.77383580 ,126.90401520 , 
10409,원앙주조,36.77428260 ,126.89607810 , 
10410,신성1리 마을회관 ,36.77117210 ,126.88368700 , 
10411,신통1리 마을회관,36.76692800 ,126.89812460 , 
10412,신통2리 마을회관,36.76611070 ,126.90501060 , 
10413,신통교앞,36.75957840 ,126.90566040 , 
10414,연봉정,36.73642080 ,126.86234280 , 
10415,연봉정,36.73650180 ,126.86231420 , 
10416,석두2리,36.81915720 ,126.98767690 , 
10417,백암3리 마을회관,36.80151940 ,127.03122670 , 
10418,송곡1리,36.80687480 ,127.01675480 , 
10419,석정1리,36.81274540 ,126.99769210 , 
10420,석두1리,36.81191060 ,126.99321310 , 
10421,석두교,36.81279450 ,126.98911510 , 
10422,염성1리토골,36.81421130 ,126.98424540 , 
10423,오목오거리,36.80640200 ,126.93182830 , 
10424,신달1리,36.81164750 ,126.93541080 , 
10425,신달리,36.80794870 ,126.94534820 , 
10426,신달2리,36.80258240 ,126.94188940 , 
10427,득산동입구,36.77620600 ,126.97688900 , 
10428,사전2구마을회관,36.74444410 ,126.89625480 , 
10429,사전2구 마을회관,36.74432250 ,126.89628380 , 
10430,구성3리 마을회관,36.89838550 ,126.96688290 , 
10431,구성3리 마을회관,36.89835360 ,126.96680460 , 
10432,창용1리 마을회관,36.90289010 ,126.97234040 , 
10433,배방역,36.77644900 ,127.05284590 , 
10434,남동,36.76923000 ,127.03636030 , 
10435,신흥리 입구,36.76367930 ,127.03695950 , 
10436,신흥리,36.75817980 ,127.03682450 , 
10437,도고cc,36.77766140 ,126.88974020 , 
10438,선창4리 마을회관,36.78215760 ,126.88408990 , 
10439,도고cc,36.77760670 ,126.88962860 , 
10440,송악면환승센터,36.72835650 ,127.01248540 , 
10441,송학1리마을회관,36.67803310 ,126.98504180 , 
10442,송학1리 송학골,36.67483240 ,126.97767680 , 
10443,종곡리 종점,36.67009360 ,127.00238090 , 
10444,종곡리 마을회관,36.67632730 ,126.99936720 , 
10445,거산2리 마을회관,36.65930020 ,126.99384710 , 
10446,오돌개마을입구,36.70688320 ,126.95624910 , 
10447,강장1리 오돌개마을,36.70560100 ,126.95776960 , 
10448,동화2리 신신배,36.71968830 ,126.97424350 , 
10449,동화2리 동배골입구,36.71566860 ,126.97138190 , 
10450,동화2리 마을회관,36.71372510 ,126.96916150 , 
10451,송학1리마을회관,36.67798830 ,126.98510360 , 
10452,종곡리 마을회관,36.67637270 ,126.99943960 , 
10453,동화2리 신신배,36.71969710 ,126.97418180 , 
10454,동화2리 동배골입구,36.71561900 ,126.97138790 , 
10455,오돌개마을입구,36.70683810 ,126.95625510 , 
10456,평촌2리 입구,36.72741990 ,127.00074920 , 
10457,서남대학교,36.73173770 ,127.00068760 , 
10458,평촌1리,36.73517410 ,127.00110220 , 
10459,평촌1리입구,36.73482190 ,127.00745490 , 
10460,초사리 갱티입구,36.75489960 ,126.97337250 , 
10461,온양온천역사,36.78049010 ,127.00347360 , 
10462,벽산아파트,36.78929630 ,126.98936750 , 
10463,실옥3통,36.79016750 ,126.98862200 , 
10464,실옥3통,36.79024910 ,126.98872230 , 
10465,선창1리입구,36.78937590 ,126.87021500 , 
10466,선창1리입구,36.78934030 ,126.87029930 , 
10467,온양농협경제센터,36.75356530 ,127.00657440 , 
10468,버스터미널(차고지),36.78579090 ,127.01575870 , 
10469,모종주공아파트,36.78437400 ,127.01871620 , 
10471,신인1통,36.75194410 ,126.98106760 , 
10472,경찰대학교,36.75225450 ,126.95669990 , 
10473,기산2통입구,36.75286330 ,126.96072850 , 
10474,기산2통 마을회관,36.74841270 ,126.96090640 , 
10475,성미마을입구,36.75231710 ,126.96855740 , 
10476,도고온천역,36.74987360 ,126.88954810 , 
10477,탕정우체국,36.79743560 ,127.04817860 , 
10478,배방석유,36.76138870 ,127.06714330 , 
10479,죽산리난고개,36.78911160 ,126.90593000 , 
10480,창암2리,36.76065660 ,126.96494380 , 
10481,용연마을1단지,36.79549650 ,127.08971580 , 
10482,용연마을1단지,36.79545240 ,127.09000740 , 
10483,평생학습관,36.77115260 ,126.99531240 , 
10484,서당초등학교,36.80342690 ,127.11373480 , 
10485,Y시티아파트,36.79760340 ,127.10850020 , 
10486,창암1리고갯마루,36.76657930 ,126.94027360 , 
10487,궁화2리조내골,36.79162450 ,126.91182410 , 
10488,궁화2리조내골,36.79156650 ,126.91195350 , 
10489,죽산2리회관,36.78119210 ,126.90535570 , 
10490,죽산2리회관,36.78108340 ,126.90524450 , 
10491,구령리새터,36.78115870 ,127.04042040 , 
10492,구령리새터,36.78107230 ,127.04021920 , 
10493,신성1리마을회관,36.77054440 ,126.88520920 , 
10494,신성1리마을회관,36.77047690 ,126.88523660 , 
10495,성우하이텍,36.78168720 ,126.87238930 , 
10496,소나무마을,36.67839280 ,126.98733150 , 
10497,내건너,36.67549730 ,126.98068060 , 
10498,코닝정밀소재2단지,36.81018720 ,127.05305900 , 
10499,아산충무병원,36.77889250 ,127.01833250 , 
10500,아산충무병원,36.77876080 ,127.01808680 , 
10501,온양농협경제센터,36.75367070 ,127.00655470 , 
10502,화천1리회차지,36.71398790 ,126.91210300 , 
10503,율금1리,36.89815010 ,127.10620260 , 
10504,율금1리,36.89756670 ,127.10560510 , 
10505,신봉3리 공장단지,36.88264090 ,126.99708540 , 
10506,신봉3리 공장단지,36.88293040 ,126.99732480 , 
10507,태헌장미아파트,36.82940730 ,127.09561270 , 
10508,신언3리,36.76253850 ,126.86748450 , 
10509,신언3리,36.76262290 ,126.86725970 , 
10510,신언리삼거리,36.75773020 ,126.86801800 , 
10511,test,36.79277500 ,126.91023490 , 
10512,도고꽃식물원,36.74896300 ,126.86118610 , 
10513,선문대학생회관,36.79820760 ,127.07669620 , 
10514,선문대학생회관,36.79801830 ,127.07670850 , 
10515,이지더원1차아파트,36.92353380 ,127.05289900 , 
10516,이지더원1차아파트,36.92339860 ,127.05291100 , 
10517,금산리교차로,36.74585350 ,126.86381060 , 
10518,태헌장미아파트,36.82938500 ,127.09569470 , 
10519,자이1차아파트후문,36.76860440 ,127.08570430 , 
10520,자이1차아파트후문,36.76854100 ,127.08562060 , 
10521,신정2리마을회관,36.86865930 ,127.01773810 , 
10522,창용3리,36.91333040 ,126.98898870 , 
10523,배방자이1차아파트,36.77146710 ,127.08096800 , 
10524,배방자이1차아파트,36.77137680 ,127.08093490 , 
10525,이지더원1 2차아파트,36.92227620 ,127.05408530 , 
10526,이지더원1 2차아파트,36.92235810 ,127.05427560 , 
10527,용연마을1.3단지,36.79325740 ,127.08794890 , 
10528,용연마을1.3단지,36.79322090 ,127.08780340 , 
10529,배방역,36.77726270 ,127.05395170 , 
10530,배방역,36.77717160 ,127.05371130 , 
10531,신봉3리마을회관,36.88481100 ,127.00467410 , 
10532,배방중학교,36.77053930 ,127.07030340 , 
10533,선문대입구,36.79753260 ,127.08211850 , 
10534,영인면사무소.환승센터,36.85618030 ,126.95432960 , 
10535,신휴3리 마을회관,36.89708300 ,127.06440960 , 
10536,이지더원2차아파트,36.92339890 ,127.05539570 , 
10537,운용삼거리,36.93660620 ,127.05762780 , 
10538,운용삼거리,36.93672300 ,127.05751480 , 
10539,능안말,36.93135300 ,127.06065060 , 
10540,선문대입구,36.79769040 ,127.08211870 , 
10541,매곡리신풍터,36.79763960 ,127.08566110 , 
10542,매곡리신풍터,36.79745930 ,127.08563970 , 
10543,능안말입구,36.93091730 ,127.05933940 , 
10544,능안말입구,36.93072830 ,127.05943030 , 
10545,운용공원,36.92713320 ,127.05988890 , 
10546,산동3리마을회관,36.85430460 ,127.09057170 , 
10547,염치농협,36.81359660 ,126.97520180 , 
10548,삼성전자기숙사후문,36.81885920 ,127.07216710 , 
10549,삼성전자기숙사후문,36.81871460 ,127.07205020 , 
10550,음봉중포스코2.3차,36.84022300 ,127.06844120 , 
10551,음봉중포스코2.3차,36.84052210 ,127.06715200 , 
10552,인주농협,36.86816350 ,126.88529290 , 
10553,충남경제진흥원,36.79921840 ,127.01053120 , 
10554,충남경제진흥원,36.79923700 ,127.01066560 , 
10555,송곡2리,36.80025120 ,127.01176330 , 
10556,송곡2리,36.80037710 ,127.01169530 , 
10557,서원리벌판,36.83173200 ,126.96245190 , 
10558,서원리벌판,36.83175950 ,126.96254710 , 
10559,구령2리,36.77900170 ,127.05206340 , 
10560,구령2리,36.77882980 ,127.05189630 , 
10561,운용리입구,36.93129330 ,127.07977360 , 
10562,도산1리마을회관,36.72689720 ,126.91197430 , 
10563,홍익아파트,36.80948600 ,127.07826530 , 
10564,물류공장,36.82959810 ,126.89206080 , 
10565,구성3리마을입구,36.90226500 ,126.96559540 , 
10566,구성3리마을입구,36.90215650 ,126.96552880 , 
10567,구성3리 능안말,36.89561480 ,126.96916040 , 
10568,구성3리 능안말,36.89558360 ,126.96923920 , 
10569,신봉리 부랑골,36.89708070 ,126.98268040 , 
10570,신봉리 부랑골,36.89720210 ,126.98261790 , 
10571,신봉2리 첫고개,36.89821640 ,126.98891330 , 
10572,신봉2리 첫고개,36.89833810 ,126.98891810 , 
10573,와우리마을회관,36.88734530 ,126.95549840 , 
10574,신화교회,36.88847550 ,126.95723540 , 
10575,신화교회,36.88854730 ,126.95716200 , 
10576,광명,36.88979150 ,126.96017770 , 
10577,광명,36.88987240 ,126.96012100 , 
10578,구성3리오반길,36.89743680 ,126.96820380 , 
10579,구성3리오반길,36.89737790 ,126.96813690 , 
10580,특수교육원,36.78620960 ,127.10004600 , 
10581,운용공원,36.92731140 ,127.05981490 , 
10582,금화산업단지,36.84956220 ,127.08388930 , 
10583,금화산업단지,36.84970080 ,127.08354640 , 
10584,휴먼시아7단지,36.78338900 ,127.09265270 , 
10585,현충사입구,36.80280660 ,127.02914610 , 
10586,송곡2리 마을길,36.80166810 ,127.01724270 , 
10587,송곡2리 마을길,36.80183060 ,127.01731450 , 
10588,와우리마을길,36.88947980 ,126.95882640 , 
10589,와우리마을길,36.88943510 ,126.95890530 , 
10590,공공하수처리시설,36.79448220 ,127.05507250 , 
10591,공공하수처리시설,36.79444720 ,127.05536420 , 
10592,법곡동코아루,36.76508660 ,127.01304740 , 
10593,법곡동코아루,36.76473120 ,127.01321770 , 
10594,예꽃재마을,36.71731490 ,126.95800420 , 
10595,예꽃재마을,36.71732000 ,126.95813290 , 
10596,도고온천역,36.74997470 ,126.88798460 , 
10597,도고온천역,36.75029650 ,126.88921430 , 
10598,시전3리.가향리,36.75311930 ,126.89474840 , 
10599,시전3리.가향리,36.75363230 ,126.89635760 , 
10600,유곡교,36.70551810 ,126.99254780 , 
10601,외암민속마을 저잣거리,36.72835880 ,127.01237680 , 
10602,외암민속마을 저잣거리,36.72827720 ,127.01227090 , 
10603,아산시공설봉안당,36.65358570 ,126.98961730 , 
10604,오돌개마을,36.70190740 ,126.95436980 , 
10605,평촌리입구,36.73081450 ,127.00737410 , 
10606,평촌리입구,36.73093090 ,127.00717740 , 
10607,신운2리 마을회관,36.87323540 ,126.94702520 , 
10608,용화3통,36.77450400 ,127.01145940 , 
10609,용화3통,36.77463300 ,127.01104390 , 
10610,신정리,36.87385040 ,127.01898800 , 
10611,신정리,36.87334030 ,127.01988880 , 
10612,신봉교,36.90185100 ,126.99755880 , 
10613,신봉교,36.90161430 ,126.99766470 , 
10614,신도리코아산공장,36.76986130 ,127.04270980 , 
10615,신도리코아산공장,36.76960410 ,127.04263290 , 
10616,유곡2리마을회관,36.69709680 ,126.98588080 , 
10617,황산리 모산,36.75379880 ,126.95632490 , 
10618,이내삼거리,36.77419740 ,127.06927550 , 
10619,이내삼거리,36.77410350 ,127.06950020 , 
10620,산전리입구,36.89334290 ,127.04611570 , 
10621,산전리입구,36.89327470 ,127.04596460 , 
10622,역촌리,36.72055480 ,127.00650240 , 
10623,역촌리,36.71977050 ,127.00648500 , 
10624,고속버스터미널,36.78453530 ,127.01491260 , 
10625,음봉농협,36.84980460 ,127.01355830 , 
10626,신창초등학교,36.77804660 ,126.93468790 , 
10627,안골마을회관,36.87042630 ,126.98324390 , 
10628,성내1리 쇠재,36.88044910 ,126.99234420 , 
10629,한성공장앞,36.87665830 ,126.97263760 , 
10630,안골,36.87522090 ,126.97988480 , 
10631,신화초등학교,36.88527610 ,126.96736570 , 
10632,새말,36.90162110 ,127.02046370 , 
10633,다라미자운영마을,36.73051820 ,127.00808490 , 
10634,다라미자운영마을,36.73095980 ,127.00807090 , 
10635,창용리삼양,36.91233370 ,126.98218010 , 
10636,창용리삼양,36.91242320 ,126.98203910 , 
10637,북수2리마을입구,36.77099140 ,127.07645370 , 
10638,북수2리마을입구,36.77120240 ,127.07623960 , 
10639,이순신종합운동장,36.77148620 ,127.02151070 , 
10640,인주공단교차로,36.87135530 ,126.88194060 , 
10641,인주공단교차로,36.87166110 ,126.88180910 , 
10642,유한,36.91586390 ,127.02267040 , 
10643,가스코,36.91550660 ,127.02236390 , 
10644,쌍죽리,36.82532030 ,126.98243390 , 
10645,쌍죽리,36.82527580 ,126.98257440 , 
10646,신2통입구,36.78482870 ,127.03075230 , 
10647,신2통입구,36.78481910 ,127.03060670 , 
10649,온양6동입구,36.75496520 ,127.01889660 , 
10650,온양6동입구,36.75498280 ,127.01877890 , 
10651,이지더원4단지,36.92511370 ,127.05424730 , 
10652,이지더원3단지,36.92510420 ,127.05412380 , 
10653,캐슬어울림2단지,36.78075650 ,127.02118420 , 
10654,e편한세상,36.78068360 ,127.02099410 , 
10655,한남프레시앙아파트,36.80827740 ,127.00728860 , 
10656,신왕1리마을회관,36.92349710 ,127.08528200 , 
10657,신왕2리 새터,36.92062720 ,127.08822790 , 
10658,이지더원5단지,36.92623280 ,127.05412620 , 
10659,이지더원6단지,36.92623790 ,127.05427210 , 
10660,세교4리 속셈말,36.77308170 ,127.09636370 , 
10661,갤러리아백화점앞,36.79945800 ,127.10421770 , 
10662,갤러리아백화점앞,36.79948090 ,127.10433530 , 
10663,롯데캐슬1단지,36.78419140 ,127.02193940 , 
10664,롯데캐슬1단지,36.78424660 ,127.02221370 , 
10665,롯데캐슬3단지,36.77959680 ,127.02377780 , 
10666,롯데캐슬3단지,36.77963850 ,127.02406900 , 
10667,캐슬어울림1단지,36.78319710 ,127.02015250 , 
10668,푸르지오아파트,36.78316500 ,127.02000700 , 
10669,한남프레시앙아파트,36.80838090 ,127.00725430 , 
10670,신왕1리 마을회관,36.92345640 ,127.08523170 , 
10671,신왕2리 새터,36.92067230 ,127.08822760 , 
10672,세교4리 속셈말,36.77312490 ,127.09636570 , 
10673,농은리 점밭골,36.70764790 ,126.92279320 , 
10674,농은리 점밭골,36.70771130 ,126.92285430 , 
10675,선문대학교,36.79992280 ,127.07108760 , 
10676,선문대학교,36.79995020 ,127.07117710 , 
10677,창암3리마을회관,36.76064250 ,126.96360390 , 
10678,창암3리마을회관,36.76057990 ,126.96372760 , 
